Lat,Lon,Elevation [m]
15.1928425,-148.1542511,-3304
15.1101427,-148.0831604,-3272
15.0274487,-148.0122833,-3249
14.9614801,-147.9031677,-3242
16.8373566,-149.7960052,-3743
16.7349072,-149.7324371,-3739
16.577589,-149.6189117,-3707
16.4951763,-149.5437927,-3649
16.412756,-149.4689026,-3609
16.3204308,-149.4003296,-3523
16.2420387,-149.309494,-3523
16.1635914,-149.2189026,-3458
16.075243,-149.1347046,-3463
15.9908094,-149.0344238,-3402
15.9083033,-148.960968,-3407
15.8394585,-148.8652954,-3225
15.7705221,-148.7698364,-3276
15.687932,-148.6970825,-3300
15.618865,-148.6021118,-3185
15.5243464,-148.5096436,-3289
15.4454432,-148.4213562,-3233
15.3568249,-148.3395233,-3260
15.2778463,-148.2517548,-3240
17.6429253,-150.0115662,-3771
17.5209904,-149.9862823,-3778
17.4050713,-149.9716797,-3760
17.2850685,-149.9738159,-3774
17.1779804,-149.9260406,-3764
17.060955,-149.884552,-3768
16.9440765,-149.8432312,-3748
18.3351917,-149.9621735,-3798
18.2180634,-149.9474182,-3802
18.1042938,-149.9879913,-3796
17.9832153,-149.9901276,-3790
17.8607407,-149.9647217,-3770
17.7517624,-149.9881897,-3768
19.1527367,-150.231781,-3856
19.0344715,-150.2162018,-3858
18.9060574,-150.2069397,-3840
18.7925453,-150.1743774,-3833
18.6424351,-150.1497803,-3820
18.5379848,-150.0834045,-3812
18.4540787,-150.0048218,-3809
20.0074902,-150.4620972,-3850
19.8761559,-150.4235077,-3851
19.7613926,-150.3898926,-3848
19.6453266,-150.3279724,-3850
19.5204277,-150.3009949,-3853
19.4001637,-150.2568359,-3851
19.26968,-150.2191772,-3853
0.3908972,127.9157944,-1669
20.7344513,-150.7068176,-3860
20.6279106,-150.6367188,-3855
20.5168228,-150.5845337,-3852
20.3952961,-150.5389099,-3849
20.2693424,-150.5110779,-3846
20.1495171,-150.4945526,-3849
0.4524169,127.7894592,-1252
0.4668216,127.6998672,-231
0.4753509,127.6058121,-558
0.4894739,127.5161362,-57
0.530891,127.4382858,-1399
0.5837669,127.369133,-1938
21.725668,-150.8335724,-3868
21.599081,-150.833847,-3866
21.4619732,-150.8405304,-3867
21.3345356,-150.8114014,-3868
21.1966057,-150.7888184,-3861
21.0755081,-150.7713776,-3865
20.9592628,-150.7362518,-3863
0.654213,127.2767334,-1788
0.7070057,127.207283,-1464
0.7597621,127.1377029,-1832
0.8066682,127.0635986,-1465
0.8593401,126.9937668,-1174
22.4699116,-151.0433502,-3877
22.3470535,-151.0249023,-3876
22.2243671,-151.0065308,-3873
21.9603214,-150.9054413,-3886
21.8429241,-150.8694305,-3871
0.9003055,126.9150391,-1435
0.9192841,126.8289108,-1436
0.9351696,126.7222824,-1476
0.927576,126.6346817,-1642
0.9198495,126.5471115,-1593
0.9221984,126.4580231,-1139
23.2401085,-151.0447845,-3870
23.1014786,-151.0814972,-3868
22.978878,-151.0930328,-3870
22.8553066,-151.074295,-3869
22.7210121,-151.0621643,-3872
22.5978012,-151.0435944,-3873
0.9244089,126.3689346,-1661
0.9366866,126.2782745,-931
0.9182125,126.1923141,-829
0.9463111,126.1043243,-949
0.9866081,125.9619827,-2004
1.0203098,125.8780594,-2220
23.9779129,-151.0542603,-3868
23.8601818,-151.078125,-3870
23.7304211,-151.0777893,-3868
23.6069336,-151.0894775,-3870
23.4873791,-151.0519104,-3869
23.3630714,-151.0330811,-3869
1.037762,125.79142,-1814
1.0389382,125.7021332,-2139
1.0442343,125.6068878,-2160
1.045123,125.5175858,-2215
1.0687966,125.4086685,-2396
24.5845852,-150.763504,-3871
24.4736519,-150.8316498,-3872
24.3627853,-150.8995209,-3869
24.2175388,-150.9562988,-3870
24.100729,-151.0114441,-3871
1.0957583,125.320076,-2432
1.173661,125.2226028,-2612
1.2243785,125.15065,-2382
1.2750494,125.0785751,-2438
1.3256733,125.0063705,-2502
25.3191528,-150.5666656,-3871
25.1998329,-150.5922852,-3871
25.0681076,-150.5931702,-3871
24.9491081,-150.6186066,-3872
24.8253899,-150.6630402,-3872
24.7080402,-150.7194977,-3872
1.3702188,124.9298325,-2479
1.4333587,124.839241,-2495
1.4898708,124.7708282,-2175
1.54029,124.698082,-2378
1.5967357,124.6294098,-2245
1.6531532,124.5605927,-1946
25.9373474,-150.358551,-3868
25.812458,-150.40448,-3871
25.5567627,-150.4832764,-3870
25.4386196,-150.5409393,-3870
1.703444,124.4874573,-1567
1.7536842,124.4141922,-1947
1.8161112,124.3491592,-1881
1.8988719,124.3068542,-1540
1.98786,124.2686157,-2082
26.5119877,-150.0248413,-3846
26.4059658,-150.1097565,-3852
26.2935123,-150.1817932,-3861
26.1811142,-150.2534943,-3869
26.0623722,-150.3123932,-3866
2.0626774,124.2115326,-2034
2.1980686,124.078186,-1499
2.2605793,124.0122757,-1674
2.3168786,123.9420547,-1975
27.1505661,-149.7448425,-3825
27.0244846,-149.7933807,-3841
26.8985386,-149.8416901,-3850
26.7792587,-149.9023743,-3871
26.6535606,-149.9501801,-3847
2.4168775,123.81987,-2081
2.4730875,123.7492599,-1291
2.5355055,123.6826782,-2197
2.6041651,123.6201096,-1720
2.6540387,123.5449142,-1897
27.8076649,-149.516571,-3877
27.6808758,-149.5663147,-3879
27.5608616,-149.6286011,-3712
27.4390163,-149.6575928,-3693
27.3192215,-149.7193604,-3764
2.6975794,123.4654388,-1813
2.734756,123.381691,-2145
2.7718332,123.2978363,-2252
2.8170655,123.2012482,-2258
2.8412962,123.108902,-1910
2.8843648,123.0288315,-1586
28.45298,-149.1348114,-3878
28.3391914,-149.2119904,-3879
28.2140751,-149.2965088,-3881
28.0595551,-149.3829651,-3878
27.9392395,-149.4461365,-3879
2.9083443,122.9363098,-1503
2.8986235,122.8400116,-1558
2.8715124,122.7146988,-1733
2.8517277,122.5495682,-2030
2.8477309,122.4574814,-2015
29.0820084,-148.7379761,-3863
28.9016552,-148.8095093,-3858
28.7877254,-148.8881226,-3873
28.680685,-148.9793701,-3879
28.5668125,-149.0572662,-3879
2.8435864,122.3654175,-1816
2.8184955,122.2780609,-1976
2.8140655,122.186058,-1973
2.8134921,122.0876694,-1850
2.8119369,121.9620895,-1886
2.8173804,121.8676987,-1895
29.7187614,-148.4901123,-3879
29.5972672,-148.5576019,-3883
29.4828281,-148.6378937,-3883
29.3545189,-148.6915894,-3883
29.2194004,-148.7319031,-3883
2.822669,121.7732849,-1767
2.8485548,121.6739349,-1308
2.8871355,121.5824051,-1829
2.9384727,121.4986572,-1675
2.9857912,121.4212189,-2075
30.3748608,-148.058136,-3881
30.2486668,-148.1491089,-3923
30.1197662,-148.204895,-3908
29.9478607,-148.3276978,-3871
29.8332939,-148.4091034,-3846
3.033042,121.3436432,-1632
3.0866957,121.2698822,-1625
3.1467841,121.199913,-918
3.2680204,121.131279,-119
3.352828,121.0936432,-28
30.9634361,-147.6654816,-3892
30.84128,-147.7367401,-3856
30.7264252,-147.8209991,-3858
30.6115952,-147.9048615,-3858
30.4896145,-147.9750214,-3857
3.4625652,121.0441513,-5
3.5528011,121.0272369,-67
3.6785235,121.0405197,-738
3.8412781,121.0670853,-817
3.9240668,121.108139,-746
4.0174923,121.1467056,-678
4.1030598,121.1986008,-971
4.2018809,121.2586746,-1135
4.2890291,121.2936554,-1165
4.3857484,121.2982025,-963
4.4788489,121.2641068,-1349
4.568047,121.2365494,-1722
4.6613846,121.2022476,-1836
31.5974216,-147.3444061,-3893
31.4674873,-147.4038849,-3882
31.3418293,-147.440979,-3855
31.2079582,-147.5219116,-3808
31.0783634,-147.5804596,-4332
4.7508159,121.1745071,-1931
4.8698182,121.1279907,-1967
4.9314971,121.0556488,-1971
4.9864502,120.9791183,-1928
5.0346437,120.898407,-1959
32.2473259,-146.7711487,-3860
32.1662102,-146.8921204,-3900
32.0509491,-146.9807129,-3848
31.9506226,-147.0960388,-3888
31.827898,-147.1701813,-3887
31.7126522,-147.2574921,-3889
5.0827613,120.8175583,-1911
5.1348014,120.7298203,-1703
5.2164583,120.6687469,-1247
5.2941604,120.6142807,-1412
5.3786726,120.5636826,-1216
5.4672484,120.5061264,-1061
32.7850037,-146.2511292,-3887
32.6852264,-146.369751,-3911
32.577713,-146.4741974,-3885
32.4625435,-146.5645294,-3888
32.3473816,-146.6544342,-3804
5.5574903,120.4768829,-1230
5.6562505,120.4801178,-1072
5.7523618,120.472496,-890
5.8502169,120.4934845,-1061
5.9401622,120.5282822,-1329
6.0423222,120.5425644,-684
6.1334057,120.513092,-1311
6.2330637,120.5164185,-1151
6.368475,120.5222397,-1917
6.4794464,120.5227585,-1171
6.5784049,120.5441132,-1167
33.1898193,-145.3433228,-3882
33.1263008,-145.4963989,-3884
33.1010666,-145.6577301,-4023
33.056179,-145.8144989,-3960
32.9649658,-146.0079651,-3890
32.8846664,-146.132019,-3873
6.6815858,120.5585861,-1366
6.7930994,120.5591736,-1100
6.8881063,120.5404282,-1199
7.0633783,120.5126343,-1017
7.1849957,120.4809341,-1043
7.2649455,120.4242859,-857
7.3548222,120.3827896,-1081
33.5125809,-144.5019379,-3904
33.4346428,-144.6299286,-3911
33.391983,-144.7887421,-3882
33.2965622,-145.0318604,-3891
33.2336769,-145.1856842,-3858
7.4534965,120.3747635,-1191
7.5593324,120.3708496,-1281
7.6554041,120.351532,-1414
7.7739234,120.3262482,-1296
7.8802752,120.3222275,-1485
7.9838653,120.3068848,-1521
8.1324673,120.2795868,-1334
33.9138451,-143.8222198,-3880
33.8912582,-143.8421021,-3878
33.8142815,-143.9721985,-3890
33.7371101,-144.1018524,-3904
33.6597557,-144.2310944,-3911
33.5822144,-144.3599243,-3894
8.2293491,120.2599182,-1573
8.3334723,120.2443619,-1469
8.4318094,120.2059784,-1552
8.5652628,120.1397629,-1400
8.6537151,120.0854263,-1575
8.7350693,120.0267181,-1658
8.8164625,119.9678497,-1519
8.9310474,119.782814,-1419
8.9876852,119.6994019,-1523
9.0442495,119.6158218,-1229
9.1007404,119.5320816,-1434
35.318325,-143.0884094,-3887
35.1806717,-143.1238556,-3891
35.0363846,-143.1653137,-3893
34.9074783,-143.2313232,-3896
34.7938271,-143.3217621,-3902
9.1571589,119.4481659,-1279
9.2135019,119.36409,-1360
9.2947941,119.3037567,-1379
9.3907013,119.2515259,-1418
9.4720898,119.1908493,-1420
9.5640669,119.1456833,-1587
36.3275948,-142.9021759,-3869
36.1579514,-142.9412079,-3876
36.0175323,-142.9396667,-3889
35.880619,-142.9085846,-3869
35.7370529,-142.8840332,-3880
35.6178665,-142.9685669,-3890
35.4833488,-143.0276031,-3887
9.6455526,119.0846634,-1629
9.7417593,119.0317307,-2144
9.8274107,118.9628906,-1995
9.898344,118.8855743,-1977
9.9511538,118.7882004,-2051
37.0614777,-142.6517792,-3867
36.9150467,-142.6964569,-3869
36.743,-142.7518005,-3866
36.5969162,-142.7958527,-3928
36.4578362,-142.8331757,-3876
10.0038404,118.6906509,-1971
10.0880384,118.5518417,-1992
10.1364079,118.4613724,-2100
10.1772308,118.3666763,-2049
10.210475,118.2677689,-1918
37.6617126,-142.2221375,-3826
37.5519142,-142.329361,-3856
37.4262085,-142.4101105,-3830
37.3058167,-142.499054,-3846
37.1906967,-142.5961609,-3824
10.2286482,118.1606216,-1933
10.2277164,118.0529175,-2036
10.2529745,117.9496994,-1878
10.2591352,117.8459702,-2063
10.2990255,117.750618,-2020
38.2800751,-141.7915802,-3683
38.1449013,-141.8421478,-3735
38.0137367,-141.916626,-3522
37.8811455,-142.0061493,-3741
37.7714577,-142.1144104,-3794
10.287282,117.569458,-1986
10.2624226,117.4689865,-1771
10.2526941,117.3572845,-2009
10.2767248,117.2537231,-2016
10.2746611,117.0882339,-1769
10.2603598,116.9842377,-1815
38.8491974,-141.0536041,-3398
38.7853165,-141.2208099,-3565
38.6869164,-141.350708,-3475
38.5992622,-141.4975586,-3690
38.4950981,-141.6175537,-3663
10.2497015,116.8726273,-1908
10.2350206,116.7687302,-1557
10.2239542,116.6572113,-2975
10.239151,116.5303421,-2901
10.2389679,116.4149857,-2920
39.5431519,-140.3203583,-3346
39.4345169,-140.4369049,-3364
39.3313904,-140.5616608,-3424
39.1761742,-140.7113953,-3471
39.0617104,-140.8172607,-3472
38.9416733,-140.9138031,-3451
10.2423916,116.3111496,-2900
10.2456303,116.2073059,-1882
10.2524071,116.0957184,-1853
10.2665787,115.9878769,-1861
10.2881718,115.8837433,-1938
10.3172121,115.7832642,-1975
39.8553009,-139.4836731,-3126
39.7945023,-139.6569519,-3169
39.7333336,-139.8297577,-3231
39.6842346,-140.0034943,-3287
39.6166687,-140.1665802,-3260
10.3537283,115.6864243,-2017
10.3784676,115.574234,-2063
10.4511156,115.3992386,-2114
10.4870615,115.301918,-2108
31.7545071,-129.4725647,-688
32.1852036,-129.5133209,-37
32.2020836,-129.5044708,-72
32.3322983,-129.5174561,-70
32.4637909,-129.5443115,-113
32.6454544,-129.6076508,41
32.7867966,-129.6058044,239
32.9188232,-129.6331635,390
40.0846786,-138.194397,-2732
40.1017952,-138.3761139,-2778
40.1051903,-138.5733032,-2827
40.0713844,-138.7509613,-2870
40.0246773,-138.9272156,-2934
39.9641953,-139.1182098,-3014
39.9166641,-139.2936554,-3072
10.5151768,115.200798,-2067
10.5508242,115.103241,-1637
10.5709143,114.9982452,-1578
10.5753927,114.8859024,-2126
10.5606537,114.7741394,-2261
10.5682459,114.6539307,-2263
33.0563202,-129.6530304,366
33.2110519,-129.6640167,558
33.3467255,-129.6559296,68
33.4783363,-129.6696472,143
33.6143532,-129.6615295,149
33.7473907,-129.6895294,100
33.8924026,-129.7163544,30
34.0548096,-129.7342377,128
40.0002327,-136.4872894,-2256
40.0214691,-136.6679077,-2305
40.0838089,-136.940567,-2394
40.135498,-137.1150818,-2427
40.1291847,-137.3279877,-2487
40.122818,-137.5244751,-2507
40.0914993,-137.7029877,-2605
40.0716438,-137.898407,-2662
10.5495329,114.5501175,-2256
10.5439816,114.3955688,-2191
10.5705423,114.2938995,-1853
10.5891771,114.1885986,-2024
10.588625,114.0840607,-2019
34.2886086,-129.7443237,149
34.42136,-129.7585449,57
34.5553589,-129.7872925,-21
34.688427,-129.8017273,-19
34.8183861,-129.8532104,97
34.944088,-129.9274597,171
35.0643997,-130.0100555,166
35.168335,-130.1169128,237
35.2786903,-130.230957,221
35.3879929,-130.3308411,-9
35.5933533,-130.4217529,-124
35.7012253,-130.314209,-95
35.7698975,-130.1654053,-81
39.7391891,-134.6751709,-1707
39.7460136,-134.861969,-1552
39.7961121,-135.0407257,-1779
39.8269157,-135.260498,-1831
39.8760834,-135.440033,-1973
39.9182358,-135.6606598,-2521
39.941452,-135.8405457,-1913
39.964241,-136.0206146,-2274
39.9913597,-136.2908783,-2278
10.5801163,113.9760056,-2008
10.5904007,113.8670807,-1943
10.5892725,113.7625427,-2019
10.5913687,113.6500931,-1934
10.5742598,113.5386505,-1556
10.5871067,113.4217224,-1869
35.751976,-129.995575,-61
35.7336502,-129.825882,-44
35.7029037,-129.6576996,-27
35.6771927,-129.4816284,-12
35.930809,-129.4663391,319
36.0710487,-129.4720917,299
36.2114639,-129.4778748,152
38.8046989,-132.2472992,-886
38.927433,-132.5590363,-931
39.0704803,-132.7593689,-1092
39.1377068,-132.932373,-855
39.2041473,-133.089859,-1136
39.2642632,-133.2561035,-1294
39.3240318,-133.4227905,-1328
39.3773804,-133.5981903,-1444
39.4549866,-133.7571716,-1492
39.5137177,-133.9252472,-1579
39.6037598,-134.1336212,-1617
39.6555405,-134.3109741,-1546
39.6944313,-134.4888763,-1566
10.604167,113.3161087,-1823
10.6020508,113.2115631,-1406
10.6030836,113.0990677,-1640
10.6117315,112.9899521,-1812
10.6201754,112.8807983,-2244
36.510376,-129.4798584,363
36.754921,-129.4808807,554
36.8906975,-129.4951019,34
37.0376167,-129.4927063,117
37.1815643,-129.5292358,106
37.3102837,-129.6064758,34
37.4434509,-129.6603699,144
37.5767365,-129.7145996,502
37.7802086,-129.8000488,144
38.7456818,-130.8584747,-839
38.7305984,-131.0349731,-922
38.678669,-131.3495636,-911
38.6500626,-131.5265961,-867
38.677002,-131.7072144,-854
38.6852913,-131.8972626,-725
38.7543106,-132.0674744,-852
10.6441097,112.7783203,-2455
10.6835852,112.6824341,-1934
10.7150583,112.5830917,-1843
10.7306252,112.4769974,-1695
10.7460032,112.370842,-1884
10.7611914,112.2646332,-1880
2.5130575,109.13871,-899
2.4207358,109.1304626,-906
2.3358991,109.1010361,-923
2.2584832,109.0505066,-927
1.3817724,108.7735062,-753
1.3047678,108.8172073,-732
1.2232586,108.8514786,-943
1.0771085,108.871254,-740
0.9871341,108.8405228,-769
0.9018357,108.8191452,-782
0.81445,108.7816925,-781
0.7270422,108.7673569,-748
0.6396301,108.7760391,-767
0.5478165,108.7754898,-796
0.4584787,108.7680893,-780
0.3692779,108.7607117,-780
37.9148712,-129.870636,-308
38.0496216,-129.9416199,-437
38.1833839,-129.9974213,-261
38.3274155,-130.0208282,-459
38.472683,-130.0601196,-513
38.5965996,-130.149704,-517
38.6572495,-130.3181,-592
38.6871605,-130.4979858,-650
38.7413445,-130.6757202,-744
10.807785,112.1714706,-1913
10.8463507,112.0748825,-1666
10.8896322,111.9426498,-1573
10.9357958,111.8490067,-1434
10.9659538,111.7487564,-1811
3.3362515,108.9755096,-562
3.2993484,109.0593948,-668
3.2361457,109.1260223,-929
3.1060305,109.1772232,-960
3.0103168,109.1759796,-936
2.9172339,109.1676025,-965
2.8248761,109.1115265,-955
2.7419164,109.074791,-932
2.591898,109.0945129,-928
2.2144196,108.9721069,-935
2.2081664,108.8752365,-921
2.2324121,108.7809372,-889
2.2611928,108.6960297,-895
2.2922456,108.6039505,-888
1.6906184,108.3401184,-825
1.662636,108.4243546,-770
1.613526,108.5014801,-833
1.5759933,108.5901718,-836
1.5151185,108.6553268,-853
1.4542327,108.7203369,-784
11.0039043,111.6516113,-1892
11.0417137,111.5543365,-1899
11.07938,111.4569321,-1377
11.1169052,111.3593979,-1679
11.1653872,111.256752,-1867
3.4344823,108.6460419,-432
3.4633448,108.6967392,-411
3.441191,108.7859039,-520
2.3444357,108.518898,-886
2.3941777,108.4408035,-866
2.4225307,108.355484,-926
2.4081008,108.2559891,-948
2.3628426,108.1780014,-952
2.3694513,108.0856323,-959
1.8147558,107.9131165,119
1.7873439,107.9977493,173
1.7668593,108.0846024,195
1.7462504,108.1713867,-2
1.7184899,108.2557907,-596
11.2026234,111.1589355,-1850
11.2427988,111.0528183,-2033
11.3287535,110.8237457,-2048
11.3653479,110.7253647,-1342
3.6767159,107.9540024,-888
3.5506067,108.3152313,-828
2.3901455,107.9978638,-958
2.4548373,107.8218842,-945
2.5108576,107.7453156,-944
2.571701,107.6780472,-942
1.9870155,107.5940018,-918
1.9529176,107.6767807,-724
1.9045796,107.7549286,-77
1.8491148,107.8306808,104
11.4017954,110.6268463,-1687
11.438096,110.5282059,-2060
11.4772539,110.421196,-2065
11.521327,110.3253403,-2089
11.5733643,110.2323837,-2027
11.6171875,110.1362152,-2035
3.9428685,107.5233765,-975
3.8535247,107.5515289,-973
3.7842319,107.6181412,-958
3.7617755,107.6727142,-953
2.6276379,107.6011887,-962
2.6763525,107.5219116,-971
2.707968,107.4213562,-944
2.6896031,107.328804,-910
2.6616859,107.241272,-923
2.5728517,107.1979599,-904
2.480212,107.1928406,-874
2.3414242,107.2360916,-867
2.2572479,107.2804031,-892
2.1753767,107.3174515,-883
2.1060226,107.3895264,-880
11.6608791,110.0399017,-2030
11.6800728,109.9344101,-1691
11.6990824,109.8288498,-1393
11.7097692,109.7202301,-1650
11.7010736,109.6139679,-1534
5.1022339,107.3755112,-697
5.0242829,107.441452,-643
4.9463539,107.5072174,-729
4.8336558,107.5535507,-730
4.7352142,107.555069,-770
4.6462908,107.5268707,-843
4.5574799,107.4987564,-821
4.459476,107.5003586,-817
4.3399081,107.5194702,-871
4.2422476,107.5210342,-960
4.1470604,107.5152283,-989
4.0350366,107.5121536,-964
11.7142477,109.496994,-1516
11.6969957,109.387825,-1502
11.7150211,109.2820511,-1716
11.7410259,109.1791077,-1742
5.5228543,106.9697342,-940
5.4726319,107.0535431,-1645
5.3870811,107.118042,-1672
5.3292508,107.1991882,-1179
5.2661986,107.2703171,-948
5.1853528,107.3192291,-716
11.7273264,108.9220581,-1561
11.7281494,108.8103867,-1907
11.7287588,108.6987076,-1920
11.7619371,108.5982971,-1833
11.7977037,108.4893799,-1966
11.8250694,108.377533,-2001
5.7309151,106.4945602,-561
5.6887894,106.5813675,-703
5.6541209,106.670311,-722
5.6026797,106.7872086,-696
5.5654531,106.8834763,-556
0.2634606,104.9762192,-802
0.2792719,104.9729767,-793
0.3774794,104.9693222,-731
11.8577404,108.2767563,-1948
11.8902521,108.1758652,-1856
11.9226055,108.0748596,-1786
11.9349089,107.8926239,-1908
5.9466228,105.9776306,-1171
5.8963585,106.0957489,-1049
5.8623295,106.185318,-677
5.7729378,106.4076385,-758
0.497332,104.941391,-634
0.5827901,104.8740921,-718
0.7267939,104.7844238,-776
0.8120408,104.7466583,-718
0.9631456,104.6882858,-683
1.0501982,104.6733017,-800
1.1496999,104.669075,-922
11.9667921,107.7913742,-1928
11.9380322,107.6796036,-2045
11.8955755,107.5821533,-1938
11.8747082,107.4732895,-1903
11.8810301,107.3639832,-1912
11.9056969,107.2234421,-1759
6.1255779,105.6053696,-1213
6.0627961,105.7121735,-1153
6.0292764,105.8022308,-1129
5.9880028,105.8899918,-1123
1.2422695,104.6629791,-930
1.3346488,104.6871719,-939
1.4275134,104.6810837,-930
1.5872937,104.623764,-887
1.7076206,104.6016617,-739
1.8624899,104.5653915,-767
1.9473929,104.5337296,-894
2.110059,104.4989853,-834
2.2603188,104.4838867,-829
11.9281225,107.1192627,-1657
11.9337883,107.0098114,-1842
11.9143648,106.8926163,-1881
11.9030094,106.7780609,-1864
11.9080353,106.6686249,-1766
6.638906,105.0890961,-1151
6.5448847,105.1303482,-1304
6.4699254,105.1933136,-1280
6.3697801,105.257515,-1274
6.3137388,105.3419571,-1271
6.2001448,105.4850388,-1227
2.3966808,104.434082,-833
2.4858053,104.4183273,-957
2.6334507,104.3864746,-988
2.7193587,104.3541107,-986
2.8108082,104.3308258,-697
2.9097016,104.3093338,-583
3.027138,104.2768326,-605
3.1190243,104.2532959,-590
3.2110405,104.2296906,-700
3.3031869,104.2060089,-663
11.9128561,106.5591736,-1776
11.925787,106.4522171,-1766
11.9188194,106.2562332,-1422
11.8847532,106.1538849,-1549
11.8505249,106.0516663,-1450
11.7971144,105.9532166,-1329
6.8870907,104.619957,-629
6.8626494,104.7140198,-735
6.8380642,104.8079987,-1669
6.7879748,104.9034729,-1827
6.6948586,105.0039291,-1014
3.4009764,104.1915054,-771
3.4915299,104.1750793,-1108
3.6007516,104.1475143,-1185
3.6934562,104.1235352,-1198
3.7918532,104.1087875,-1202
3.8922725,104.0865402,-1202
3.9742196,104.0436554,-1199
4.0450363,103.9819565,-1177
11.773262,105.845192,-1216
11.7575417,105.7396545,-1098
11.7352476,105.5590134,-1070
11.7319574,105.4389648,-679
7.0071268,104.1484528,-1024
6.9912205,104.2449112,-383
6.959548,104.3372955,-502
6.9355402,104.4315948,-42
6.9191799,104.5278473,-556
4.1567841,103.8506927,-1083
4.2031493,103.7586594,-1061
4.2400804,103.6721649,-1163
4.2955399,103.5741425,-1376
4.3397622,103.4891891,-1402
11.708745,105.2585297,-1347
11.6624527,105.1633911,-982
11.6266146,105.0621948,-627
11.6389923,104.9469604,-719
11.6906796,104.8514938,-1070
11.7422485,104.7558517,-1145
7.3391051,103.6438904,-1552
7.2648859,103.7097015,-1238
7.1966019,103.7851944,-1407
7.1361322,103.8624496,-1424
7.0815024,103.9494019,-1380
7.0404778,104.0480042,-1292
4.376368,103.4023209,-1374
4.4053354,103.3135452,-1384
4.4417138,103.2264557,-1413
4.4628983,103.1357269,-1423
4.4914932,103.0466843,-1420
4.5124102,102.9558105,-1425
11.7853279,104.6577988,-1252
11.7823563,104.5291595,-1255
11.8083153,104.4264526,-1648
11.8424921,104.3258438,-1605
11.851325,104.2185822,-1892
7.7401795,103.3278427,-1562
7.6658659,103.3945313,-1536
7.5915599,103.4610443,-1537
7.5074635,103.533432,-1560
7.4193139,103.5877838,-1565
4.5407486,102.8666,-1408
4.5960827,102.7276077,-1399
4.624104,102.6381531,-1426
4.7042551,102.5283279,-1428
11.8599625,104.1112976,-1863
11.8515978,103.9996948,-1756
11.8325377,103.8945847,-1892
11.7837982,103.7639542,-1894
11.7747822,103.6525574,-1929
7.7887464,102.7140579,-1525
7.8166642,102.8133316,-1500
7.8505564,102.9225769,-1343
7.8389506,103.0467529,-2381
7.8247061,103.144928,-1845
4.8163857,102.4172821,-1451
4.8863707,102.3526459,-1449
4.9639878,102.2895203,-1438
5.0459571,102.2432175,-1452
5.1482568,102.1770477,-1424
5.2046599,102.1007462,-1434
11.7675791,103.532608,-1947
11.77495,103.4253845,-1955
11.7905436,103.3201599,-1903
11.8138561,103.1804581,-2055
11.837451,103.0771027,-2000
7.9072495,102.1327286,-1673
7.8865595,102.2294998,-1654
7.8736944,102.3279495,-1649
7.8606639,102.4263611,-1660
7.8315287,102.5211487,-1645
7.8102145,102.6176453,-1545
5.2686839,102.0259323,-1429
5.3249941,101.9493103,-1327
5.4213314,101.8729401,-1436
5.4913731,101.8069382,-1509
5.5630193,101.7330246,-1559
5.6453176,101.6854324,-1560
11.8459358,102.9610596,-2194
11.8607092,102.8555832,-2345
11.866847,102.7481003,-2289
11.8896952,102.6444702,-2365
11.9123659,102.5407486,-2408
11.9385929,102.4196472,-2428
7.9870915,101.7109375,-921
7.967083,101.8079834,-1139
7.9709272,101.91008,-1669
7.9357796,102.0376205,-1688
5.7092443,101.6095657,-1568
5.7514768,101.5209808,-1546
5.7780981,101.4291153,-1550
5.804584,101.3371658,-1562
5.8386965,101.2466812,-1552
5.8649154,101.1545486,-1547
11.9627304,102.3070831,-2418
11.9848261,102.2031021,-2414
11.9982586,102.097168,-2315
12.0115023,101.9911957,-2427
12.0160618,101.8833389,-2384
8.068367,101.0948639,-1152
8.0654402,101.1954803,-1723
8.1234112,101.2830734,-1672
8.1925802,101.3562241,-1418
8.163435,101.460228,-1660
8.090847,101.5298462,-1313
5.9236236,101.0606308,-1510
5.9792123,100.9821701,-1531
6.0488329,100.9144287,-1536
6.1388817,100.866745,-1556
6.2290182,100.8189087,-1519
6.311408,100.7694168,-1273
6.4002204,100.7291794,-957
12.0143299,101.6744766,-2484
12.0285511,101.5596695,-2433
12.0408258,101.4535141,-2512
12.0529108,101.3473129,-2513
8.4574537,100.5868454,-1821
8.343646,100.6584167,-2146
8.2718334,100.7292786,-2166
8.1904097,100.8065491,-2143
8.1300383,100.9045563,-2106
8.0872059,100.9973907,-1676
6.4940171,100.7061234,-1429
6.594326,100.6924057,-1362
6.702672,100.6801376,-1484
6.8003244,100.6822357,-1686
6.8951387,100.700264,-1763
6.9945779,100.6944199,-1835
7.1314082,100.6211014,-1898
7.2277169,100.5895538,-1933
7.2454753,100.4933548,-1376
7.3093896,100.4139633,-1396
12.0733252,101.2427979,-2511
12.0765095,101.1347733,-2518
12.0794945,101.0267334,-2500
12.0888519,100.8837891,-2439
12.08284,100.7740555,-2453
12.1022377,100.669281,-2589
9.0108938,100.1787491,-2360
8.9181843,100.2728653,-2324
8.8076601,100.3718948,-2013
8.72756,100.4421844,-2269
8.6291161,100.4748383,-1861
8.5425024,100.5350266,-1545
7.4160523,100.3256454,-2173
7.4995351,100.2743835,-2145
7.5830793,100.2229767,-2179
7.6535292,100.1523438,-2145
7.6947284,100.0595932,-1985
7.7291861,99.9571838,-2605
12.0771475,100.5650253,-2592
12.0619965,100.4537354,-2564
12.0295553,100.339325,-2556
12.0039043,100.2353516,-2598
11.9594755,100.1370773,-2659
9.4852839,99.6366196,-2450
9.4010439,99.7338486,-2313
9.3442764,99.8184433,-2345
9.2709961,99.8999634,-2365
9.1923609,99.9631882,-2406
9.1204948,100.0360031,-2372
7.7554464,99.853241,-2924
7.7962279,99.7601089,-1997
7.8302069,99.6573334,-2137
7.8787737,99.5653076,-2272
7.9379826,99.4581985,-2312
7.9782376,99.3644867,-2267
11.9179277,100.0215225,-2516
11.8791561,99.8886948,-2666
11.8627691,99.7779922,-2692
11.8191195,99.6716156,-2607
11.8108702,99.562561,-2677
11.8194933,99.4564514,-2752
10.7740803,99.2981567,-2400
10.7013855,99.373909,-1918
10.6188793,99.4565735,-1317
10.5321922,99.512001,-2450
10.4386034,99.557312,-2402
10.3340387,99.5656281,-2557
10.219883,99.5809631,-2588
10.1087255,99.5793228,-2592
9.9839258,99.5579529,-2572
9.8759432,99.5395126,-2586
9.7722368,99.5477829,-2500
9.6700792,99.5476303,-2521
9.5707693,99.5823975,-2460
8.033206,99.2814636,-2350
8.0961905,99.1996002,-2388
8.1808205,99.1378708,-2281
8.2794247,99.1455002,-2241
8.3889179,99.1380463,-2378
8.4891424,99.1374741,-2434
8.5895185,99.1368942,-2135
8.6887312,99.144577,-1911
8.7880917,99.1522903,-2281
8.8957872,99.1613617,-2571
8.9954538,99.1691284,-2547
9.0936728,99.1339874,-2580
9.1012192,99.032814,-2617
11.8535547,99.3546219,-2743
11.8789043,99.251236,-2834
11.895524,99.1463547,-2858
11.8975639,99.0211411,-2812
11.9137764,98.9161606,-2803
11.4175148,98.8459091,-2807
11.2683392,98.9108887,-2772
11.1871595,98.9864349,-2728
11.0859823,99.0231705,-2723
10.9991255,99.0797272,-2755
10.912323,99.1361084,-2744
10.8467522,99.2222214,-2551
9.0662079,98.9333878,-2601
9.0487509,98.8283615,-2574
9.0393238,98.7246704,-2558
9.0194912,98.5768967,-2513
8.9743052,98.4849854,-2515
11.8883076,98.7955856,-2851
11.8020849,98.7282944,-2916
11.6955853,98.7383957,-2907
11.5905552,98.7397461,-2737
11.4869909,98.7324066,-2893
8.9384251,98.3861313,-2545
8.9364386,98.2839279,-2573
8.9342947,98.1223297,-2676
8.9397182,97.9024887,-2771
8.9451027,97.8014526,-2807
8.9080782,97.7030869,-2822
8.8522749,97.6192627,-2864
8.8056955,97.5283966,-2807
8.7031736,97.2868805,-2988
8.6561794,97.1965256,-3036
8.6357136,97.0928345,-3071
8.6396704,96.9922714,-3054
8.6516571,96.8927002,-3106
8.663475,96.7930832,-3144
8.666913,96.6924515,-3157
8.6016617,96.609024,-3144
8.5965719,96.5075455,-3199
8.6077175,96.4079514,-3271
8.6743736,96.3313751,-3265
8.7483196,96.263855,-3260
8.7919998,96.1675415,-3250
8.8025923,96.0675354,-3272
8.8047743,95.9666214,-3262
8.7374983,95.8921661,-3123
8.65207,95.8328323,-3283
8.5658598,95.7819824,-3349
8.4895639,95.7155304,-3253
8.404273,95.6567154,-3034
8.3052063,95.655159,-3206
8.2127199,95.5875626,-3292
8.1455603,95.514328,-3375
8.0554609,95.4224472,-3441
7.975759,95.3069458,-3481
7.9269996,95.2112045,-3524
7.8943925,95.1170883,-3507
7.8786368,95.0163193,-3487
7.8708472,94.9163055,-3502
7.803884,94.8361053,-3500
7.6529899,94.7820206,-3482
7.5550332,94.7819901,-3470
7.4599209,94.7493286,-3448
7.3743372,94.701149,-3472
7.2814136,94.6443253,-3486
7.214035,94.5733948,-3469
7.1932101,94.4245987,-3507
7.2012215,94.3189774,-3551
7.2003827,94.2208557,-3566
7.2166672,94.1076508,-3561
7.223536,94.0100708,-3583
7.2221718,93.9119186,-3581
7.2125721,93.8132248,-3603
7.2033281,93.7064362,-3609
7.2100263,93.6007004,-3623
7.2241096,93.5035782,-3669
7.2057409,93.4044724,-3709
7.1540031,93.319809,-3760
7.1187596,93.228096,-3751
7.092329,93.120697,-3772
7.0814009,93.0223694,-3742
7.0622492,92.9236679,-3754
7.010324,92.8315506,-3744
6.9287844,92.6813354,-3750
6.8765812,92.589653,-3770
6.7827277,92.5287018,-3782
6.6962676,92.484436,-3784
6.609889,92.4403,-3788
6.5156002,92.3959656,-3718
6.4217424,92.34375,-3706
6.3279753,92.2917023,-3728
6.2419453,92.2481461,-3727
6.1645575,92.1890335,-3737
6.07867,92.1457596,-3735
5.9928656,92.1026077,-3741
5.8989415,92.0672684,-3739
5.8045716,92.0479355,-3699
5.7198882,91.9813309,-3667
5.6268272,91.9305115,-3717
5.5341163,91.8719482,-3716
5.4653196,91.8064194,-3705
5.3884287,91.748703,-3615
35.1170044,-92.7073517,869
35.1432915,-92.6118698,868
35.20681,-92.4211655,866
35.257637,-92.2571335,848
35.3081017,-92.0927505,864
5.2506533,91.6263123,-3458
5.1753197,91.5140305,-3477
5.1464128,91.4189072,-3529
5.1330104,91.3242416,-3510
5.1351037,91.2299652,-3550
35.3918304,-91.9433289,874
35.4859352,-91.8216782,973
35.580246,-91.6855774,999
35.6851196,-91.5772934,1060
35.7791214,-91.4401093,1012
35.8838043,-91.3308105,1014
35.9998169,-91.2213211,960
5.145781,91.0886841,-3577
5.1318355,90.9941025,-3565
5.1335101,90.8919525,-3631
5.1314812,90.8784485,-3638
5.1034875,90.8050766,-3623
5.1047292,90.7108307,-3662
36.1043625,-91.1110001,947
36.2437057,-90.9584122,960
36.3369598,-90.818306,922
36.4072495,-90.6630707,872
36.4772415,-90.5073624,798
36.4782524,-90.3364105,717
5.1214652,90.6167526,-3706
5.1223984,90.5224762,-3703
5.0685377,90.4120789,-3648
4.990766,90.3566513,-3696
4.8274217,90.2774658,-3707
4.7419796,90.2380219,-3680
4.6488338,90.2064667,-3712
4.5636106,90.1594772,-3658
36.4101105,-90.1794357,1502
36.3302155,-90.037117,1318
36.2841377,-89.7817154,1083
36.2947693,-89.5971985,1046
36.3164749,-89.4266434,969
4.5017467,90.0893555,-3656
4.4398246,89.9339828,-3630
4.4164252,89.840889,-3650
4.3928847,89.7478638,-3668
4.3614717,89.6549683,-3677
36.3722458,-89.2695847,927
36.4046249,-89.0983734,950
36.4595032,-88.926384,975
36.5373955,-88.7818909,1039
36.5571861,-88.6100693,1173
36.5765648,-88.4381104,1198
4.3221984,89.5622253,-3673
4.3059664,89.4694061,-3707
4.2895889,89.3766327,-3705
4.2885056,89.2837219,-3724
4.2872725,89.1908112,-3736
36.6302643,-88.2789917,1088
36.706955,-88.1328659,991
36.8063583,-87.9852524,1000
36.940876,-87.8641281,1192
37.0647469,-87.7716904,1264
37.1890907,-87.6932144,927
37.3134842,-87.6143036,663
37.4379272,-87.5349655,1193
37.7836533,-87.486763,1488
37.9221191,-87.4643326,1205
38.0612602,-87.4565048,1070
38.2015953,-87.4781876,1793
38.3410645,-87.4703522,1478
38.4817276,-87.4922104,1080
38.6210175,-87.4694519,1042
38.8278618,-87.3675919,964
38.9664268,-87.3141937,1256
41.375618,-87.1939468,892
41.5102501,-87.2809525,587
41.6563187,-87.3517838,594
41.7905312,-87.4238205,510
41.94664,-87.4305038,470
42.0930672,-87.5025787,447
42.2385712,-87.5427322,461
42.3831978,-87.550621,655
42.5269508,-87.5259171,609
42.6687241,-87.4355392,492
42.7984924,-87.345314,543
42.9282875,-87.2545242,463
43.0569,-87.130127,460
43.1866951,-87.0381088,459
4.2936091,89.0977859,-3736
4.2920752,89.0048752,-3759
4.273591,88.8426056,-3765
4.2716446,88.749733,-3784
4.2531996,88.6185532,-3785
39.1162529,-87.2446518,591
39.2544823,-87.1753922,782
39.4051285,-87.1201096,763
39.5417442,-87.0043182,749
39.6424332,-86.8750458,779
39.7789307,-86.7578735,780
39.8793831,-86.6273346,834
40.0046883,-86.5250702,1013
40.1174469,-86.4077759,1313
40.2567673,-86.3497238,863
40.3999863,-86.3688736,817
40.5566826,-86.4183197,767
40.6905823,-86.485672,738
40.8141289,-86.5857162,683
40.915287,-86.719574,803
41.0281754,-86.8531876,1433
41.1515617,-86.9550781,1726
41.2749329,-87.0575485,1541
43.3279572,-86.9280014,309
43.4564362,-86.8013916,332
43.57201,-86.6582489,285
43.7465706,-86.4756165,297
43.8617973,-86.3305511,156
43.9647141,-86.1858063,-20
44.0414581,-86.008873,-10
47.7740517,-85.6721649,-520
47.7601433,-85.8975296,-725
47.7705841,-86.1202087,-721
47.8067818,-86.2876892,-797
47.8595161,-86.3418884,-800
48.0030251,-86.3984985,-788
48.1636505,-86.4115829,-764
48.3138695,-86.3974075,-790
48.4830437,-86.3813324,-750
48.6335793,-86.3669205,-731
48.8207436,-86.3201141,-740
48.9691467,-86.2478485,-750
49.106926,-86.1471329,-799
49.2339554,-86.017746,-900
49.3811569,-85.9144287,-996
49.5872307,-85.8476715,-1115
49.7380638,-85.815979,-1200
49.8855057,-85.7104416,-1249
50.0964546,-85.5368958,-1302
50.2156105,-85.2534485,-1481
4.2431784,88.5259247,-3777
4.2330093,88.4333267,-3757
4.222693,88.3407593,-3773
4.2199383,88.2479935,-3776
4.2093258,88.1554871,-3776
44.1178474,-85.8312836,704
44.2191238,-85.6674118,197
44.3210907,-85.5197449,666
44.4491768,-85.4026871,-395
44.550827,-85.2535248,-469
44.6655045,-85.1192932,-545
44.8065872,-85.0156708,-626
44.9343796,-84.8956223,-530
45.1854706,-84.7762909,-595
45.3300476,-84.7223587,-756
45.4892731,-84.7013702,-929
45.6352615,-84.664299,-1048
45.7825356,-84.6445618,-1008
45.9422569,-84.6230164,-980
46.1144524,-84.5996246,-908
46.2733612,-84.5598907,-744
46.433609,-84.537735,-727
46.5804977,-84.4991608,-722
46.7669868,-84.4911423,-853
46.9141922,-84.4520645,-875
47.0615311,-84.4126892,-812
47.2102165,-84.3912659,-780
47.3602715,-84.3879929,-714
47.5141258,-84.4398804,-715
47.640255,-84.6451569,-671
47.6664009,-84.8651047,-688
47.6919823,-85.0853424,-743
47.7543755,-85.3013,-723
50.2897835,-85.0341568,-1663
50.324604,-84.8045044,-1777
50.3242569,-84.7853241,-1781
50.3300171,-84.7468567,-1788
50.3663597,-84.5013275,-1773
50.3640747,-84.2612915,-1981
50.3484993,-84.0233688,-2092
4.2060113,88.0550232,-3776
4.202796,87.9623032,-3773
4.1994314,87.8695831,-3756
4.2036214,87.7765808,-3764
4.2365985,87.6359406,-3764
50.3309212,-83.7658539,-2151
50.3237953,-83.4865494,-2370
50.3284264,-83.2050095,-2412
50.401516,-82.9903259,-2524
50.4741249,-82.7747803,-2559
50.4924583,-82.5290756,-2570
4.2682319,87.4719315,-3762
4.2717819,87.3787918,-3751
4.2674708,87.2860031,-3737
4.2630105,87.1932373,-3729
4.2738175,87.0996933,-3715
50.5210266,-82.2605972,-2592
50.5109787,-82.0000687,-2625
50.5271988,-81.753746,-2023
50.4923897,-81.5190353,-2448
50.4695549,-81.2817383,-2670
4.2686524,86.9991989,-3710
4.256022,86.906868,-3702
4.2509503,86.8141479,-3780
4.2534332,86.7210007,-3818
50.4460983,-81.0447464,-2102
50.3969078,-80.8144455,-2739
50.3220558,-80.5912704,-2768
50.2362823,-80.3919296,-2791
50.150116,-80.193512,-2812
50.061348,-79.9765625,-2806
4.234374,86.5283661,-3827
4.2286935,86.4357147,-3823
4.2228646,86.3430862,-3851
4.2163815,86.2427521,-3821
4.2179375,86.1496429,-3821
49.9391594,-79.8099518,-2791
49.8518753,-79.6144943,-2832
49.7642097,-79.4199677,-2853
49.6489296,-79.2144623,-2893
49.5480881,-79.0256577,-2892
49.4369507,-78.8607178,-2876
4.211648,86.0570602,-3774
4.2052107,85.9645004,-3675
4.1915326,85.8763428,-3777
4.1924567,85.7871475,-3644
4.2240324,85.6917419,-3765
4.2886157,85.6247406,-3715
49.3949585,-78.6358337,-3004
49.340023,-78.4153519,-2988
49.2598381,-78.2034378,-3005
49.2162209,-77.9803772,-3008
49.1007347,-77.8011703,-3017
4.4041433,85.5147018,-3795
4.4353728,85.4187927,-3816
4.4748068,85.3298874,-3817
4.4980412,85.2344131,-3813
4.4902425,85.1414871,-3803
48.9972801,-77.6189575,-3028
48.8839607,-77.4606018,-2952
48.7799492,-77.280365,-2954
48.6878967,-77.0968628,-2814
48.5790901,-76.7248688,-3015
4.4745784,85.049263,-3785
4.427927,84.959816,-3794
4.3454275,84.9048538,-3791
4.2769728,84.8332443,-3733
4.2231607,84.7526932,-3704
4.206944,84.6610031,-3735
48.5319519,-76.507576,-2172
48.5086899,-76.2818298,-2511
48.484848,-76.056366,-3022
48.4604225,-75.831192,-3143
48.4840775,-75.5874557,-2821
48.4827385,-75.3530121,-2941
4.1883917,84.5462875,-3725
4.2838044,84.4904709,-3747
4.3554754,84.4290161,-3724
4.3617806,84.3349152,-3710
4.3371706,84.2439041,-3702
4.3277965,84.1513901,-3720
4.3029094,84.0605087,-3772
48.5705719,-74.9645233,-3209
48.6877327,-74.8181229,-2938
48.8202057,-74.6841965,-3228
48.9370804,-74.5359573,-2616
49.0314522,-74.3364029,-2907
49.1098366,-74.1225739,-3305
49.2068558,-73.939621,-3394
49.2878952,-73.7425537,-3317
4.2932458,83.9680862,-3744
4.2834349,83.8756943,-3729
4.2803149,83.7747955,-3713
4.2778683,83.6816025,-3763
4.2599292,83.5901489,-3716
49.3770676,-73.5205154,-3085
49.4584503,-73.2601547,-3316
49.5501823,-73.0545959,-3344
49.6135674,-72.840889,-3208
49.7081871,-72.6521301,-2922
49.8145447,-72.4564896,-3301
49.9244003,-72.2784882,-3422
50.0538483,-72.1309662,-3458
50.1592751,-71.9319839,-3451
4.2801919,83.4943695,-3723
4.3522449,83.3768768,-3690
4.3721814,83.2808685,-3656
4.376606,83.1866302,-3572
4.3885536,83.0914536,-3509
27.7905769,79.2729111,-978
27.6509972,79.3993988,-773
27.5488663,79.4932709,-733
27.4467125,79.5867615,-688
27.3304596,79.6587753,-396
27.203968,79.7325668,-739
27.1901588,79.7254181,-740
27.1335888,79.7810974,-766
27.0048409,79.8726425,-981
26.8869953,79.9318695,-899
26.7743759,79.9898148,-1202
26.6515903,80.0495148,-1140
26.4425774,80.0963058,-1093
26.319912,80.1201782,-431
26.1869717,80.1108246,-701
26.0590668,80.0655212,-714
25.9573364,79.9861908,-801
25.8556213,79.9071655,-784
25.8499031,79.9023285,-769
25.7309837,79.8533554,-633
25.6154099,79.7936783,-412
25.4906063,79.7491455,167
50.2884674,-71.7193756,-3450
50.4132538,-71.549469,-3471
50.4894257,-71.340683,-3508
50.5813103,-71.1435165,-3512
50.6362457,-70.9015198,-3516
50.71101,-70.6901093,-3485
50.8178673,-70.5023804,-3551
50.8707085,-70.3501205,-3132
50.9945946,-70.1442871,-3507
51.1343575,-70.0421371,-3525
4.4080243,82.995285,-3484
4.4273396,82.8990479,-2935
4.4839406,82.7901764,-3378
4.5269814,82.6984863,-3426
4.5872865,82.6201019,-3505
4.6669726,82.5704346,-3534
4.8177805,82.4639664,-3599
4.9171982,82.4428635,-3697
5.0110812,82.4382553,-3345
5.1051054,82.4336395,-3716
5.2111592,82.4591751,-3839
5.302844,82.4946823,-3241
5.3962831,82.4823074,-3570
5.549212,82.4380493,-3530
28.3126621,78.4366379,-1180
28.2361851,78.5524597,-1014
28.1720104,78.67733,-781
28.0972729,78.8042145,-672
28.0327091,78.9284286,-768
27.9555874,79.0428696,-194
27.8659878,79.1474838,-1194
25.3404789,79.6926422,-538
25.2062931,79.5901184,-300
25.0787106,79.5040054,147
24.9674091,79.4450684,-2
24.8239918,79.3801651,-89
24.7152271,79.3127289,-223
24.5685177,79.2279053,-519
51.2609444,-69.8816071,-3548
51.3873482,-69.7199326,-3557
51.4970894,-69.5450287,-3573
51.6320953,-69.4197388,-3591
51.7670403,-69.2934952,-3584
51.9139214,-69.1588898,-3603
52.0533333,-69.050148,-3593
52.1881104,-68.9209671,-3572
52.3394737,-68.8028107,-3600
52.4404755,-68.7045059,-3622
52.5054398,-68.6287994,-3613
52.651989,-68.4885101,-3592
52.7984505,-68.3470383,-3623
52.9328346,-68.2123184,-3627
53.160511,-67.9440231,-3645
53.263031,-67.7343292,-3667
53.315155,-67.5983734,-3623
53.3461647,-67.5600128,-3591
53.4529343,-67.3681107,-3473
53.5681648,-67.0977097,-3290
53.6690521,-66.8829651,-3320
5.6549602,82.3359146,-3824
5.7169194,82.2634354,-3714
5.7521234,82.1704254,-3809
5.7950301,82.07621,-3750
5.8221383,81.9840698,-3688
5.8827004,81.9031143,-3593
5.9420776,81.8140945,-3573
28.9722939,77.4339294,-1982
28.8739929,77.5461655,-2049
28.7755985,77.657959,-1979
28.6875057,77.7667542,-1725
28.6290016,77.9174194,-1341
28.5368252,78.0634155,-1586
28.4733925,78.1896591,-1241
28.3972263,78.306221,-1327
24.4312096,79.1718292,60
24.3402348,79.1608582,100
24.2150288,79.1531982,26
24.0093746,79.0385361,-163
23.89674,78.9836578,-729
23.7902203,78.9052658,-1573
23.6777496,78.8508987,-1619
23.5475998,78.8117828,-1102
23.4274693,78.7707291,-1472
23.3232193,78.7041779,-1594
53.7524567,-66.6554794,-3377
53.801178,-66.4041672,-3525
53.8570747,-65.8570709,-3665
53.8166962,-65.5982742,-3647
53.8164482,-65.3325577,-3647
6.0485053,81.7180023,-3800
6.1292558,81.6657562,-3759
6.2100606,81.6133728,-3737
6.2909203,81.5608368,-3708
6.3718338,81.5081482,-3616
6.4528017,81.4553146,-3463
6.5508447,81.4078827,-3516
6.6319466,81.3547363,-3526
6.7027411,81.2866974,-3509
6.7398896,81.1582718,-3615
29.2846718,76.485054,-1963
29.3041115,76.6310883,-1793
29.2791157,76.7765274,-1425
29.2433891,76.9245834,-1349
29.1945324,77.0632401,-1711
29.1222076,77.1951141,-2046
29.0473309,77.3146973,-1948
23.211174,78.6507187,-766
23.0894241,78.5996323,-719
22.9599972,78.5615692,-837
22.842495,78.5321426,-838
22.7095871,78.5283051,-887
22.5828114,78.5561447,-1049
22.463974,78.5711975,-1068
22.3394985,78.609314,-969
22.2268372,78.6556396,-990
22.1142902,78.701767,-1273
22.0057068,78.7685928,-1315
21.9087791,78.8435135,-1332
21.7906399,78.9118347,-1410
21.5182266,79.0121384,-1478
21.3930035,79.0382309,-1545
21.2775688,79.0622025,-1155
21.1622829,79.0860748,205
21.0471458,79.109848,-1108
20.9284801,79.1130142,-1513
20.8099823,79.1161652,-1511
20.6405983,79.0557632,-1755
20.5129871,79.0609894,-2314
20.3990746,79.0318222,-2726
20.2075176,79.0083847,-2872
20.0826836,78.9713745,-2899
19.9580154,78.9345322,-2897
19.8505459,78.8838806,-2862
19.7507439,78.821434,-2558
19.6377716,78.7931747,-2293
53.7982254,-65.0561829,-3599
53.7619476,-64.7696075,-3552
53.7594337,-64.504364,-3580
53.7561913,-64.2391663,-3645
53.7232094,-63.9735641,-3825
53.7011375,-63.6987724,-3851
6.7567253,81.0574265,-3165
6.7575274,80.9590683,-3345
6.7832251,80.86483,-3350
6.8351569,80.7826004,-3432
6.8949528,80.6989136,-3362
6.9374785,80.6096878,-3213
29.2864742,75.7770081,-1764
29.2529831,76.0268707,-1711
29.2422771,76.1814194,-1926
29.2727776,76.3243179,-1741
19.5306091,78.743103,-2484
19.4385624,78.6693344,-2443
19.2489529,78.5443878,-2577
19.1550789,78.461441,-2742
19.0518684,78.3808136,-2697
18.9599323,78.3083115,-2677
53.695694,-63.4341431,-3872
53.7534103,-63.1887321,-3935
53.8279915,-62.952076,-3879
53.9243088,-62.5954971,-3908
53.9273415,-62.3191071,-3884
53.8776054,-62.0645294,-3816
6.9798942,80.5203323,-3143
30.3033409,74.4915848,-1350
30.2031994,74.5885315,-742
30.0812016,74.6402969,-2386
29.9356937,74.6863785,-2096
29.8167801,74.7495804,-820
29.7007637,74.8244247,-56
29.619482,74.952095,-2098
29.5352592,75.0674362,-2094
29.4640064,75.1911392,-2194
29.3925762,75.3144913,-2055
29.3497524,75.4669724,-2005
29.3169632,75.6161423,-1833
18.8753834,78.2241592,-2432
18.798151,78.1283951,-2277
18.7374401,78.0189362,-2159
18.6434555,77.9376678,-2273
18.5514622,77.8664551,-2546
18.4185219,77.7844315,-2630
18.3121719,77.7374344,-2682
53.8272171,-61.8107033,-3843
53.7585869,-61.54879,-3763
53.7347908,-61.2457848,-3816
53.7159157,-61.1548729,-3849
53.6533356,-60.9963608,-3857
53.57761,-60.7671814,-3774
31.1332474,73.3726654,-1169
31.0339394,73.4735413,-591
30.8977528,73.6526947,-1873
30.8147621,73.7732697,-2085
30.7346344,73.9055786,-1608
30.6781521,74.0426407,-2736
30.581255,74.1533508,-3125
30.4842701,74.2636185,-1923
30.4138622,74.3908691,-2100
18.1975327,77.7433319,-2706
18.0758553,77.7609787,-2586
17.9563484,77.788208,-2275
17.8461838,77.8132401,-2705
17.7361622,77.8381653,-2746
17.6151676,77.8554611,-2850
17.5034904,77.8706131,-3122
17.3919697,77.8857117,-3103
17.2734451,77.9123306,-3440
17.1661301,77.9463272,-3422
17.0570087,77.9706802,-3282
16.9480324,77.9949417,-3380
16.8334217,77.9906998,-3386
16.7222443,77.9561157,-3268
16.6131401,77.9310989,-3152
16.4629478,77.9350586,-3227
16.3528996,77.9497452,-3188
16.2410889,77.9550018,-3191
16.1256084,77.9415512,-3069
16.019865,77.9747849,-2947
15.8808632,78.0736084,-2848
15.7753878,78.1064453,-2961
15.6681652,78.1298828,-3066
15.5610857,78.1532288,-3040
53.4630737,-60.4253349,-3788
53.3748474,-60.2095032,-3874
53.2525558,-60.0272331,-3879
53.1411896,-59.8354301,-3860
53.0898666,-59.5610161,-3881
32.8637009,71.8649139,-147
32.7963943,72.0019913,-66
32.6975975,72.1092148,-36
32.5667305,72.2694702,-63
32.4677353,72.3756332,-166
32.3515015,72.4603882,-697
32.2524109,72.5656967,-263
32.1532516,72.6705627,-361
32.0272179,72.7169189,-1712
31.9013081,72.763031,-1568
31.7852325,72.8458862,-906
31.6724033,72.9406509,267
31.5467739,72.9858551,348
31.4276428,73.0553284,-1263
31.3285294,73.1574554,235
31.2293568,73.2591705,-119
53.0110283,-59.3388023,-3880
52.9317093,-59.1176071,-3875
52.8341904,-58.8901672,-3873
52.7931137,-58.5316238,-3896
52.7736969,-58.2758102,-3895
33.0687828,70.973671,-1979
33.0559273,71.1330185,-1379
33.0672989,71.2963333,232
33.0536957,71.4555893,13
33.0397224,71.6147537,-749
32.9447861,71.7358551,-896
52.7645378,-58.0089951,-3904
52.7724304,-57.7489815,-3918
52.7509041,-57.4937935,-3925
52.6821938,-57.2376823,-3913
52.6090317,-57.0119553,-3916
52.5245781,-56.7987785,-3859
32.9550476,69.9966965,-402
32.9094315,70.1569366,-656
32.9126701,70.3239517,-955
33.0126915,70.6604385,-1511
33.046154,70.8147888,-222
52.4396896,-56.5866394,-3930
52.3543663,-56.3755302,-3928
52.2541046,-56.0547638,-3922
52.2102432,-55.7989311,-3909
52.1941795,-55.5373039,-3858
32.8695602,69.118454,58
32.8884544,69.3639908,-1274
32.9247971,69.5170059,-1095
32.9712067,69.6656647,-706
32.9652405,69.83741,-1160
52.1668129,-55.2878647,-3940
52.0892792,-55.0696182,-3939
52.0217781,-54.8403168,-3959
51.9432716,-54.6239548,-3944
51.8538628,-54.4206505,-3958
51.7744637,-54.2062531,-3963
33.1930885,68.0712433,40
33.131279,68.2438736,-538
33.0856323,68.3939743,-1189
33.0252876,68.5363159,-520
32.9319115,68.6509781,25
32.8854637,68.8000717,289
32.877697,68.9592896,225
51.6616173,-53.9548111,-3938
51.5605774,-53.7669907,-3945
51.4489136,-53.5924301,-3962
51.3575401,-53.3945389,-4000
51.222229,-53.2751427,-3974
33.5308228,66.9224243,-256
33.4922676,67.0873337,-192
33.4679184,67.2591248,-126
33.453434,67.425621,-86
33.4094543,67.577507,-377
33.3651543,67.7291107,-186
33.2915382,67.865799,-40
51.0740852,-53.1972961,-3978
50.9081421,-53.1160431,-4010
50.7576218,-53.0677376,-3166
50.6072159,-53.0198288,-3897
50.4720535,-52.9042702,-3936
50.3267326,-52.801609,-3960
33.717823,65.9616776,-1144
33.7211952,66.1362534,-1492
33.6946907,66.2970428,-467
33.6531181,66.4507141,-420
33.6112213,66.604126,-443
33.5689964,66.7572556,-383
50.2040291,-52.6478882,-3947
50.1012955,-52.4710884,-3940
50.0105896,-52.2555084,-3862
49.9572144,-52.020153,-3936
49.9210472,-51.7887726,-3943
49.8942184,-51.5456123,-3956
33.5204124,65.0533524,-1996
33.5362053,65.2215118,-2161
33.5617294,65.3842087,-1938
33.5970345,65.5415268,-1510
33.6523361,65.6880417,-1283
49.8526001,-51.1186066,-3954
49.8417816,-50.8792534,-3963
49.7652588,-50.6719055,-3951
49.678524,-50.4778709,-3941
49.6370392,-50.4377899,-3946
49.5541267,-50.3071289,-3957
33.5113525,64.0959015,-556
33.4599037,64.2445679,-425
33.4230194,64.3991776,-1038
33.4653091,64.5673599,-1823
33.4674454,64.7287827,-2112
33.4941177,64.890976,-2007
49.4035912,-50.2718582,-3950
49.2499084,-50.2913513,-3945
49.1171875,-50.4094696,-3752
48.82938,-50.5719223,-3646
48.6796608,-50.5362778,-3697
48.5300713,-50.5009117,-3713
48.4146652,-50.3497887,-3779
33.4640388,63.1392441,-1001
33.5641861,63.2583733,-868
33.7891579,63.4079323,-1620
33.8691063,63.5404587,-890
33.8486519,63.7030449,-968
33.7480812,63.8226929,-753
33.6375847,63.9177437,-1156
48.2814102,-50.1971664,-3748
48.1560555,-50.0600128,-3772
47.9554253,-49.9936981,-3836
47.8032646,-50.0135612,-3906
47.6416855,-50.0451813,-3892
47.4929352,-50.0126457,-3828
47.3427925,-50.0062828,-3918
33.0742683,62.4363365,-468
33.16539,62.5591469,-1890
33.2716789,62.7178955,-2135
33.3327484,62.859993,-1830
33.3935509,63.0024567,-741
47.0795517,-49.9724503,-3914
46.9313469,-49.9406548,-3897
46.7787361,-49.9857597,-3886
46.7064133,-50.0902939,-3841
46.6486053,-50.097538,-3859
46.5263786,-50.2224236,-3835
46.3819618,-50.279789,-3816
46.2266769,-50.2336617,-3855
46.1031342,-50.1034317,-3814
46.0078621,-49.9396935,-3804
32.8855972,61.5072136,-633
32.8948708,61.6663437,-1661
32.9037704,61.8255348,-664
32.9468803,61.977829,-1305
32.9994774,62.1242065,-731
33.0419579,62.2770691,-1449
45.9123306,-49.776741,-3829
45.788353,-49.6489487,-3785
45.6441498,-49.5696716,-3825
45.5000191,-49.4909668,-3755
45.3652992,-49.4014359,-3799
40.4517059,54.5337448,-690
40.4526634,54.7237549,-147
40.4366379,54.9099808,-287
40.3871841,55.0883636,-393
40.2692413,55.328167,-556
40.1591949,55.4464417,-1106
40.0156555,55.5005646,-903
39.8625259,55.5630188,-1889
39.7192497,55.6164017,-2120
39.5796471,55.7032471,-2198
39.4401054,55.7895432,-1894
39.3137894,55.9004135,-2413
39.1128502,56.0572205,-2328
38.9602356,56.0622597,-1754
38.7982674,56.1296959,-1537
38.6557388,56.1261253,-547
33.2234688,60.2974586,-2315
33.1185532,60.3993721,-2281
33.0396423,60.5288963,-856
32.972599,60.7105827,-609
32.9287796,60.860939,-573
32.8900185,61.0225716,-611
32.8756561,61.1827774,-472
32.8856812,61.3418121,-470
45.2199821,-49.348465,-3784
45.0721664,-49.3448792,-3777
44.9245071,-49.34132,-3780
44.7703323,-49.3003807,-3751
44.6242905,-49.2727737,-3728
44.4809341,-49.1970634,-3773
44.3339043,-49.1940842,-3780
44.199131,-49.2888336,-3770
44.0881615,-49.4215889,-3761
43.9612656,-49.5278931,-3709
43.8107109,-49.5950356,-3722
40.8038979,52.9725723,-2074
40.7423058,53.1514435,-2420
40.673233,53.3172569,-2407
40.6013565,53.5043907,-2295
40.5551834,53.6850014,-1044
40.528717,53.9809723,-440
40.4814339,54.1607666,-446
40.4668007,54.3473167,-406
38.5133781,56.1225777,-1532
38.3743629,56.0984383,-1407
38.209713,56.0786896,-716
38.0647278,56.0957985,-415
37.926384,56.1250038,-571
37.7880592,56.1011696,-656
37.643589,56.1180496,-964
37.4735184,56.0864601,-403
35.5212822,57.5550156,-377
35.4184036,57.6681633,-428
35.3058472,57.7882195,-505
35.1751404,57.8724899,-251
35.056488,57.9797173,-324
34.8706665,58.1373329,-230
34.7555923,58.2243004,-317
34.6405296,58.3108482,-422
34.5217896,58.4157639,-430
34.3934364,58.5272713,-451
34.2959213,58.6472397,-468
34.1945114,58.7853508,-1683
34.0909424,58.8926926,-1865
33.9873085,58.9995689,-2155
33.8642654,59.1983757,-1172
33.7928047,59.343483,-2026
33.700119,59.4718361,-2209
33.6225471,59.6044693,-2263
33.5239029,59.7203064,-1906
33.4251556,59.8356628,-1613
33.3597183,60.019783,-2238
33.2813492,60.1505852,-1999
43.6630516,-49.6143646,-3718
43.5196724,-49.5628128,-3721
43.3685455,-49.4989395,-3709
43.2280502,-49.4012985,-3713
43.0954666,-49.3168678,-3711
42.949955,-49.3135719,-3713
42.8098793,-49.3691597,-3708
41.1297836,51.2190933,-1979
41.113102,51.4190826,-2685
41.1215286,51.7128983,-2531
41.0794868,51.8975296,-2881
41.0537148,52.084549,-2746
41.0107994,52.2685242,-2861
40.9841309,52.4550247,-2610
40.9164543,52.6228638,-2421
40.8484497,52.790184,-885
37.3355179,56.010643,-211
37.1785049,55.9514923,-200
37.0379219,55.9485931,-1779
36.9036751,55.9057808,-1963
36.769558,55.8632202,-2045
36.6328468,55.8922997,-2162
36.5188675,55.9882507,-2320
36.4048729,56.083725,-2390
36.2877274,56.1984138,-2513
36.1800232,56.3046684,-2462
36.0975113,56.4575119,-2285
36.0242577,56.602047,-692
35.915905,56.7575073,-136
35.8383789,56.9711037,-861
35.7704353,57.1258049,-2181
35.6864738,57.2758369,-1693
35.5900154,57.4017754,-150
42.6555367,-49.3763771,-3709
42.455677,-49.4366302,-3710
42.3069077,-49.5017242,-3705
42.1738243,-49.5910301,-3651
42.0407753,-49.6797752,-3765
41.8922806,-49.7433891,-3684
41.7453194,-49.7839622,-3675
41.5985031,-49.8242531,-3668
41.4595337,-49.8764534,-3658
41.2457962,-49.9084778,-3663
41.1071548,-49.9599838,-3653
41.222744,49.8253975,-2292
41.2020645,50.0141678,-1873
41.1809158,50.2027588,-753
41.1896744,50.4399529,-160
41.1750336,50.6405067,-502
41.1523438,50.8286591,-663
41.1459427,51.0189514,-774
40.9609871,-49.9990921,-3633
40.8149719,-50.0379333,-3616
40.6538696,-50.0525322,-3598
40.5096664,-50.0689659,-3600
40.3671074,-50.0634079,-3616
40.2247124,-50.0578842,-3625
40.08395,-50.0306549,-3646
39.9328384,-50.0351563,-3638
39.7909393,-50.0297813,-3633
41.0500793,48.6870003,-44
41.1263351,48.8503799,-154
41.1932907,49.0247231,-1332
41.1914063,49.2153816,-1506
41.2135963,49.4197731,-1145
41.2261581,49.6346359,-1787
39.627964,-49.9677963,-3624
39.4802895,-49.9295616,-3619
39.3389091,-49.9245758,-3617
39.1962738,-49.940937,-3607
39.0523643,-49.9784431,-3598
38.9100533,-49.9945297,-3595
38.7589569,-50.0201416,-3591
38.6184311,-50.0149498,-3587
40.6818848,47.8577461,-1802
40.7861671,47.9867973,-1660
40.8726158,48.137455,-621
40.9321861,48.320137,-38
40.9745483,48.5019569,-228
38.4780693,-50.0097923,-3578
38.3260651,-50.0560074,-3532
38.1846008,-50.0715942,-3502
38.0447578,-50.0663109,-3541
37.8961868,-50.0704956,-3499
37.7492485,-50.0540161,-3461
37.6010551,-50.0582123,-3484
37.4604607,-50.0735435,-3467
35.9223862,-51.6168098,-3176
35.8574409,-51.7876549,-3222
35.7940712,-51.9383202,-3163
35.68647,-52.0419273,-3194
35.5907555,-52.1867409,-3453
35.4829865,-52.2893295,-3433
35.389019,-52.4134903,-3390
35.2721252,-52.5235596,-3408
35.171051,-52.6356812,-3376
34.9191971,-52.9386749,-3406
34.8019867,-53.0463448,-3315
34.6937599,-53.145256,-2811
34.5697365,-53.2409401,-2946
34.4524384,-53.3470688,-2993
34.3307457,-53.4227066,-3176
34.2024269,-53.4870453,-3331
34.0655746,-53.4914322,-3274
33.9332085,-53.5255051,-3277
40.2165298,46.9398155,-289
40.219841,47.1262093,-183
40.280159,47.3485947,-689
40.3587952,47.5067368,-1378
40.4283867,47.67593,-207
40.5415497,47.7933159,-1534
37.3214836,-50.0683365,-3476
37.1797791,-50.10392,-3524
37.0441475,-50.1706696,-3538
36.9306679,-50.2702026,-3517
36.8244934,-50.3802986,-3480
36.7093925,-50.4989967,-3373
36.5957985,-50.5970001,-3370
36.4805717,-50.7145691,-3435
36.366909,-50.811554,-3540
36.267643,-50.9300766,-3548
36.1682701,-51.0480919,-3430
36.0902557,-51.1986122,-3164
35.9851456,-51.4652939,-3102
33.8037033,-53.4732971,-3243
33.6720047,-53.4401474,-3279
33.5381393,-53.4258957,-3361
33.3931885,-53.4383392,-3275
33.2593536,-53.490696,-3294
33.1256523,-53.5427551,-3287
44.4082603,39.3843384,-435
44.369976,39.5837173,-520
44.2765045,39.7413025,-587
44.1921425,39.9090729,-1334
43.9931946,40.1859093,-3720
43.8594131,40.4049683,-3576
43.7739334,40.5696907,-3560
43.6421318,40.6789894,-3466
43.4998627,40.7530861,-2981
40.7191277,44.9573631,-1909
40.7441864,45.1457214,-1949
40.7435379,45.3451805,-1537
40.7508392,45.5336571,-718
40.7240906,45.7216377,-1040
40.6800995,45.9090309,-288
40.6014671,46.1393738,-315
40.5315399,46.3140221,-1084
40.4612503,46.4881096,-1189
40.3743477,46.6390305,-1173
40.2709999,46.7667542,-561
44.2672119,37.9371834,-2403
44.3106842,38.1361771,-2495
44.3536758,38.3355865,-710
44.3961792,38.5354156,-647
44.403862,38.7409325,-2178
44.4110184,38.9465218,-626
44.4194069,39.1762352,-510
43.3539009,40.7561684,-1932
43.2118645,40.8294907,-487
43.079052,40.9131584,-629
42.9589386,41.0769844,-615
42.8476677,41.250721,-662
42.7339668,41.3771973,-634
42.6382065,41.5246964,-1146
42.5342293,41.6837349,-1329
42.4290733,41.8189735,-1491
42.2344131,42.0633621,-2025
42.1110535,42.1749725,-2187
41.9876556,42.2859421,-2208
41.9172783,42.4614182,-1492
41.8810883,42.657177,-1704
41.8274841,42.8534508,-566
41.7471581,43.0163803,-789
41.5339584,43.2972412,-2785
41.4003868,43.3700676,-2885
41.2673416,43.4648666,-3325
41.1606178,43.6141624,-3394
41.0705223,43.7622375,-3425
40.9887733,43.9206276,-3500
40.9067497,44.0784187,-3166
40.832962,44.2465668,-2932
40.7841263,44.4248924,-2937
40.7180977,44.6029663,-2443
40.6684685,44.7804184,-2133
43.8455658,36.806633,-3391
43.9257774,36.9957314,-3209
44.020298,37.158577,-3109
44.0656204,37.3555412,-3051
44.1349831,37.5363655,-2800
44.2232628,37.7386169,-2011
43.3048744,35.8420792,-2998
43.3629837,36.0440025,-3054
43.4733582,36.1755104,-3209
43.6005707,36.3041344,-3215
43.7747078,36.628315,-3362
43.0177994,34.7908211,-3501
43.0972519,35.0685692,-3480
43.1642303,35.2548637,-3479
43.2237816,35.4552841,-3420
43.2730064,35.6465836,-3225
25.0186443,-55.0832062,-1864
42.4735069,33.8081436,-3411
42.5934868,33.9174004,-3097
42.6796646,34.0952301,-1254
42.7487297,34.2781067,-3167
42.8273506,34.4708977,-3480
42.926136,34.6237106,-3445
24.7043171,-55.0781593,-1898
24.4817486,-55.098896,-1938
24.3610859,-55.1233253,-1950
24.2380486,-55.1631126,-1963
24.1267071,-55.2209282,-1974
24.0064774,-55.2449112,-1865
23.8953514,-55.3022957,-2046
23.77285,-55.3413124,-2025
23.647337,-55.3558197,-1958
23.5271091,-55.339756,-1652
23.3987885,-55.3299866,-1998
23.2788963,-55.3140564,-1958
41.6450844,33.6460876,-2882
41.791111,33.699379,-2684
41.9272957,33.6279259,-2888
42.0702744,33.6008186,-2496
42.2201233,33.6184998,-2846
42.3468132,33.7130356,-3185
23.1616936,-55.2830505,-1999
23.0364189,-55.2583733,-2003
22.9113178,-55.2338104,-2021
22.7902336,-55.2722626,-1843
22.6661453,-55.2866669,-1760
22.5447445,-55.286026,-1710
22.4285202,-55.2555084,-1880
22.3124371,-55.2251244,-2282
41.0805244,32.79245,-314
41.158226,32.9532166,-1211
41.2126274,33.1324425,-2521
41.3127441,33.2764854,-2731
41.4060974,33.4344788,-2844
41.5190048,33.5532875,-3008
22.1964989,-55.1948738,-1882
22.0782337,-55.1795998,-1976
21.9625912,-55.1495819,-1956
21.8421841,-55.1492615,-1834
21.7219486,-55.148941,-1694
21.5825863,-55.1373177,-2926
21.4571114,-55.1283798,-2922
21.3374233,-55.128109,-2993
41.2085228,30.7763939,-1667
41.2619019,30.9665623,-2298
41.2329597,31.1840153,-969
41.2096176,31.3876514,-1081
41.2185173,31.5806732,-1133
41.1941147,31.7840195,-857
41.1754875,31.9737091,-1264
41.1664696,32.1716576,-1300
41.1378021,32.4095917,-568
41.1011772,32.6035461,-421
21.2154713,-55.1424522,-1872
21.0961285,-55.1421509,-1821
20.9800968,-55.1649742,-1900
20.8579521,-55.1415558,-1984
20.7383938,-55.1037598,-1982
20.5704536,-55.0643845,-1989
20.4568176,-55.0354424,-1924
20.4333763,-55.0168686,-1972
20.3163605,-55.0015526,-1958
40.268856,30.5331631,-2448
40.406292,30.4411316,-2541
40.5659714,30.329464,-2392
40.7162895,30.3004074,-1528
40.8607826,30.2847176,-1151
41.0062256,30.3608513,-1290
41.0992126,30.5248547,-1191
20.2030449,-54.9728775,-2010
20.0875111,-54.9586411,-2041
19.9744911,-54.9301796,-2049
19.8741608,-54.8674316,-2057
19.7637138,-54.8250389,-1984
19.6635342,-54.7627296,-2074
39.5706558,30.2311821,-2868
39.733242,30.3545437,-2567
39.8551903,30.4476643,-2504
39.983139,30.5280399,-2129
40.125,30.5478268,-2444
19.5477619,-54.71241,-2181
19.4399242,-54.6564331,-2070
19.3578129,-54.5689201,-2052
19.291214,-54.4699097,-1669
19.2078915,-54.3948059,-1940
19.1102276,-54.358429,-2163
40.5055466,25.6236267,-1983
40.5237007,25.8254738,-1998
40.5626183,26.0411835,-2047
40.6166611,26.2152367,-2062
40.6703262,26.3897209,-1938
40.7236061,26.5646343,-1906
40.7021179,26.7606831,-1901
40.6589737,26.9423561,-1833
40.6470757,27.145052,-1825
40.6030273,27.326107,-1887
40.4991684,27.5891514,-1818
40.3757706,27.6974678,-2503
40.2523384,27.8051739,-2578
40.1190453,27.8705063,-2422
39.9754143,27.9282303,-1939
39.7564125,28.0722485,-2294
39.6282539,28.1567211,-2205
39.4953384,28.2200794,-2357
39.0215263,29.4569836,-3131
39.0829926,29.6231689,-3113
39.1659317,29.7710819,-3160
39.2267609,29.9382381,-3251
39.3091621,30.0872192,-3198
39.4310188,30.1787128,-3107
18.9495029,-54.2943993,-2251
18.8377609,-54.2678986,-2262
18.7184601,-54.2473602,-2146
18.6189938,-54.187294,-1882
18.5119209,-54.1333008,-1565
18.4125996,-54.0736732,-1336
39.8631172,25.1220875,-2655
39.9862022,25.2144985,-2502
40.1143456,25.2934647,-1925
40.2476006,25.3588924,-1905
40.4135323,25.4795246,-1999
39.3823891,28.3314114,-2086
39.2590637,28.4349613,-2080
39.1198311,28.5439892,-2120
39.0319481,28.6884747,-2306
39.0099449,28.8964424,-2945
38.9987411,29.0778828,-3203
38.997303,29.266592,-3183
18.3036079,-54.0339928,-1487
18.2148838,-53.9809952,-1570
18.1933575,-53.9587212,-1665
18.0907707,-53.8779182,-1890
17.9604321,-53.7575493,-2436
17.8785706,-53.6737289,-2361
39.2518806,24.6200809,-3468
39.3905411,24.7023735,-3242
39.5087318,24.8064613,-3088
39.6318512,24.8972511,-2841
39.7500038,25.0024338,-2793
17.8117752,-53.5784569,-2038
17.707222,-53.5126877,-2111
17.6102505,-53.4413185,-2105
17.5358181,-53.3526535,-2099
17.4463558,-53.2759399,-2097
38.5255432,24.1312866,-3403
38.6532555,24.204607,-3421
38.8527832,24.4023266,-3353
38.9863739,24.4969082,-3560
39.1142082,24.5720463,-3566
17.3568974,-53.1994743,-2192
17.2748985,-53.1174088,-2208
17.179842,-53.0336571,-1997
17.0737209,-52.9832916,-1994
16.9769173,-52.9136734,-2124
16.9097099,-52.8208885,-2128
38.3716049,22.090086,-1827
38.348114,22.3986702,-1791
38.3376923,22.5859413,-1795
38.3267975,22.7731247,-1815
38.3154221,22.9602146,-2697
38.2821655,23.1355553,-3117
38.2698669,23.3223629,-3185
38.2464256,23.5031586,-3129
38.2851486,23.6863861,-3103
38.3281288,23.8563595,-3011
38.4168663,24.0040798,-3141
16.8202953,-52.7459068,-2193
16.7382507,-52.6653137,-2325
16.6397724,-52.6102028,-2334
16.5115948,-52.5305786,-2381
16.4295902,-52.4507561,-2225
38.0798759,20.3892174,-2998
38.2024422,20.4788151,-3172
38.3209305,20.5827904,-3306
38.4393921,20.687315,-3116
38.5153008,20.8514595,-1724
38.579998,21.0108089,-2025
38.5839996,21.2047234,-1736
38.5549049,21.3823471,-1617
38.499424,21.562645,-1586
38.4435234,21.7424946,-1985
38.3915596,21.9081097,-1914
16.3206577,-52.4290848,-2390
16.2314434,-52.3555374,-2473
16.1495075,-52.2763824,-2371
16.0965443,-52.1740456,-2348
16.0434437,-52.071907,-2395
15.9829865,-51.9758339,-2411
40.1390915,-0.9460642,-3778
40.176651,-0.7612303,-3868
40.2255898,-0.5762366,-3913
40.2622643,-0.3907246,-3922
40.2630005,-0.2047368,-3900
40.2750854,0.0587684,-3869
40.2983665,0.2449428,-3546
40.3330269,0.4314306,-3351
40.3435593,0.6178777,-3472
40.3891411,0.8050674,-3388
40.4222221,1.0079306,-3376
40.4399796,1.3819175,-3568
40.4481583,1.5690211,-3697
40.4436722,1.7712723,-3702
40.439045,1.9579266,-3650
40.43396,2.1445394,-3711
40.3810844,2.328578,-3733
40.3396072,2.5128503,-3816
40.2594261,2.7719877,-3824
40.2471428,2.8251781,-3836
40.245842,2.8594797,-3843
40.2326317,3.0447249,-3801
40.1838875,3.2195179,-3835
40.1113701,3.5158982,-3781
40.048275,3.7194676,-3616
37.5471115,19.7988758,-3013
37.6431923,19.9358292,-2896
37.7430649,20.0596046,-2845
37.8428078,20.1839275,-2867
37.9613571,20.2863045,-2896
15.9296255,-51.8740959,-2416
15.8689423,-51.7784424,-2388
15.840662,-51.7249336,-2393
15.8364859,-51.7202873,-2390
15.7613039,-51.6367455,-2388
15.6562347,-51.5296478,-2423
39.4472008,-1.4639356,-3751
39.5885201,-1.4533566,-3760
39.7552757,-1.3515842,-3738
39.8966599,-1.3559347,-3725
40.0393028,-1.2986493,-3791
40.0777016,-1.1145396,-3741
40.0039253,3.8932872,-3459
39.9760056,4.0837517,-4345
39.9598122,4.2674446,-3341
39.9427109,4.4586697,-3319
39.9251251,4.649744,-3331
39.9016762,4.8323565,-3233
39.8601646,5.0127583,-3092
39.8123665,5.1921244,-2900
39.7588463,5.3627543,-2810
39.7049561,5.5329695,-2909
39.643631,5.7940068,-2976
39.5817413,5.9776311,-3079
39.5369606,6.1631937,-3238
39.4112778,6.3903337,-3587
39.3054123,6.5200105,-3383
39.2103806,6.6583366,-2932
39.1386795,6.8605533,-2690
39.1148148,6.9324846,-2717
39.0970764,6.9727697,-2665
36.9835281,18.5703735,-3122
37.0740471,18.7303829,-3076
37.1278458,18.8906631,-3005
37.1775436,19.064991,-3102
37.2230415,19.2533703,-3189
37.3473969,19.5081673,-3318
37.4438591,19.6439056,-3183
15.575285,-51.4392395,-2448
15.507082,-51.3505783,-2436
15.4388094,-51.2621346,-2491
15.3346663,-51.0828094,-2545
15.2604408,-50.9876633,-2551
38.5981903,-2.1680636,-3614
38.6977844,-1.948347,-3629
38.8172493,-1.848505,-3632
38.925354,-1.7326388,-3672
39.0337029,-1.6011422,-3697
39.1644325,-1.5151175,-3740
39.3057365,-1.4896082,-3748
39.0042343,7.2010303,-2681
38.9182854,7.353797,-2681
38.8421402,7.5228152,-2640
38.7672234,7.6764073,-2532
38.6756821,7.8718882,-2526
38.5869598,8.0370169,-2481
38.4995995,8.1867504,-2575
38.4119949,8.3359003,-2628
38.234993,8.5424004,-2752
38.1583519,8.692215,-2719
37.2036552,14.4944277,-1857
37.2245979,14.6807823,-1878
37.2339172,14.8635893,-1988
37.2539063,15.05023,-1969
37.2440567,15.3170891,-2450
37.2659531,15.4899969,-3166
37.2700996,15.6870689,-3334
37.2388191,16.0374222,-2308
37.2082558,16.2222748,-2050
37.1694183,16.3889179,-2116
37.1191711,16.5511608,-2077
37.0796051,16.7171955,-2021
37.028656,16.8787556,-2035
36.988369,17.0441761,-1951
36.9477119,17.2093048,-1913
36.9066925,17.3741379,-1924
36.8837624,17.5610428,-1866
36.8494034,17.7433815,-2948
36.8181267,17.9117889,-3044
36.8192215,18.0933266,-3207
36.8743172,18.2519627,-3319
36.9290848,18.4109783,-3399
15.180418,-50.8854828,-2559
15.1117554,-50.7981339,-2544
15.0500307,-50.7050667,-2647
14.9812241,-50.6181488,-2609
14.9053802,-50.5373878,-2588
14.8709288,-50.4941177,-2604
37.6795311,-4.9821162,-3506
37.7259979,-4.810904,-3552
37.7720757,-4.6393423,-3594
37.8062096,-4.46629,-3701
37.8737564,-4.3109245,-3729
37.9302711,-4.1393609,-3712
38.0087624,-3.9841051,-3655
38.1387062,-3.7290602,-3561
38.205574,-3.5566828,-3595
38.2604561,-3.3829195,-3475
38.303978,-3.1930969,-3472
38.3580399,-3.0185134,-3323
38.4000702,-2.8427734,-3401
38.4067841,-2.6646311,-3448
38.4707565,-2.5045366,-3518
38.5344124,-2.343986,-3553
38.058506,8.8369875,-2707
37.9506073,8.9497557,-2876
37.8238678,9.1176329,-2771
37.6779633,9.3399467,-2728
37.6000671,9.4865723,-2741
37.4707336,9.5774546,-2676
37.371685,9.7037811,-2585
37.2611351,9.8270845,-2439
36.7798805,12.573657,-3256
36.8082314,12.74333,-3202
36.8361855,12.9132118,-1901
36.8723335,13.1005478,-1870
36.9244766,13.263483,-1866
36.96241,13.4374504,-1703
37.0223007,13.6184893,-2692
37.0988693,13.9540157,-3100
37.1323624,14.143219,-2965
37.1682167,14.3186865,-1882
14.816802,-50.4555931,-2613
14.7212772,-50.3799973,-2589
14.6523008,-50.2939987,-2592
14.5832634,-50.20821,-2606
14.5141668,-50.1226349,-2601
36.3127365,-10.6540375,-3892
36.3920975,-10.5134602,-3665
36.491703,-10.3915482,-3851
36.516304,-10.2232552,-3854
36.5425148,-10.0407372,-3703
36.5343819,-9.850687,-3288
36.489933,-9.6675797,-3590
36.9456825,-5.9432387,-3762
37.0787163,-5.8735399,-3739
37.1614342,-5.7098064,-3820
37.3023529,-5.5380511,-3803
37.4052849,-5.4045753,-3682
37.5080566,-5.2704954,-3796
37.5991478,-5.134501,-3765
37.1317596,9.9163313,-2333
37.0117493,10.0217714,-2312
36.8496628,10.1756372,-2528
36.7501106,10.2989702,-2329
36.6596413,10.4384232,-2176
36.580246,10.5799475,-2267
36.5097466,10.7376432,-2196
36.4389458,10.8948565,-2163
36.3726616,11.1686373,-2100
36.3570862,11.3386698,-2046
36.3859596,11.5199318,-2053
36.4166985,11.6874876,-2016
36.4853859,11.8361588,-1928
36.5402069,11.9962645,-1932
36.594696,12.1567507,-1908
36.6488495,12.3176165,-2022
14.4851837,-50.014595,-2609
14.4661236,-49.861496,-2618
14.4366837,-49.753685,-2602
14.4265442,-49.6410522,-2967
14.3908968,-49.5263939,-2566
14.3414278,-49.4239197,-2228
35.3794212,-12.2988291,-3773
35.4985161,-12.2165422,-3691
35.6263695,-12.1504488,-3610
35.833004,-12.0329485,-3954
35.9147224,-11.8962078,-3624
35.9897079,-11.7285109,-3818
36.0531616,-11.5574427,-3841
36.1050453,-11.3831167,-3823
36.1675911,-11.1389961,-3937
36.21632,-10.9776821,-3974
36.2534752,-10.8133678,-3923
36.4431419,-9.498868,-3754
36.4561768,-9.313941,-3872
36.4836731,-9.1030359,-3932
36.5052223,-8.9341326,-3946
36.5471344,-8.5958586,-4280
36.5691719,-8.4123726,-3855
36.5890999,-8.2428474,-3801
36.6118431,-8.0448828,-3806
36.6422653,-7.8770046,-3712
36.6283607,-7.6870723,-3708
36.6238251,-7.5132909,-3630
36.6074944,-7.3377204,-3563
36.5551758,-7.1710973,-3634
36.4911232,-7.0031161,-3617
36.4963074,-6.8316298,-3709
36.5378799,-6.6367326,-3728
36.5649643,-6.4682503,-3605
36.635994,-6.3200541,-3657
36.7295876,-6.17448,-3711
36.8217506,-6.0425863,-3770
14.2918148,-49.3216286,-2019
14.2217236,-49.2376137,-2413
14.1515799,-49.1538048,-2723
14.1083784,-49.0460701,-2766
14.0582724,-48.9445457,-2743
34.4933319,-12.7784882,-3575
34.6290474,-12.7316828,-3875
34.7588425,-12.6548014,-3588
34.8776855,-12.5744982,-3820
34.996563,-12.4937878,-3940
35.1154785,-12.4126673,-3858
35.2430725,-12.3476486,-3784
14.0147448,-48.8371506,-2711
13.9836359,-48.7307701,-2741
13.933075,-48.6297607,-2675
13.8277435,-48.4929924,-2656
13.7569332,-48.4107208,-2695
33.5792732,-13.2865295,-3885
33.6917648,-13.1805611,-3821
33.8100395,-13.1033535,-3478
33.9199715,-13.0095797,-3300
34.0492249,-12.9346008,-3353
34.167614,-12.8561945,-3472
34.3029747,-12.8099337,-3601
13.6927128,-48.3225746,-2714
13.6850061,-48.2833786,-2687
13.6764297,-48.2762794,-2680
13.5995493,-48.1876984,-2752
13.5483332,-48.0878754,-2773
13.4904013,-47.994339,-2814
13.4645824,-47.8833275,-2814
32.5168381,-14.9074345,-4008
32.6199493,-14.8042164,-3916
32.7043991,-14.6811628,-3833
32.7807579,-14.5416183,-3843
32.8354187,-14.395072,-3860
32.8683052,-14.2416973,-3579
32.9223633,-14.0945454,-3722
33.0327034,-14.0047626,-3740
33.116024,-13.8792486,-3909
33.218132,-13.7725286,-3903
33.3011703,-13.6461248,-3867
33.384037,-13.5192814,-3589
33.4693146,-13.3790007,-3795
13.4195032,-47.777916,-2800
13.393302,-47.6671448,-2771
13.3603764,-47.5626183,-2679
13.3017654,-47.469944,-2696
13.2495537,-47.3713188,-2634
13.190733,-47.279026,-2596
31.6714516,-15.3639402,-3953
31.8003712,-15.2985687,-4042
31.9293861,-15.2328501,-3970
32.1549644,-15.1437988,-3705
32.2842751,-15.0771837,-4030
32.4058723,-14.9942036,-3961
13.1064253,-47.1987419,-2455
13.0409994,-47.1130219,-2530
12.9506464,-47.0265999,-2243
12.8722734,-46.9536247,-2968
12.794301,-46.8681335,-2482
30.5406265,-16.8633251,-3931
30.6269855,-16.7489414,-3950
30.6975193,-16.5628586,-3991
30.7553177,-16.4247322,-3311
30.8128624,-16.2862835,-3975
30.8597107,-16.1439896,-3978
30.9271832,-16.0084152,-4014
31.0228558,-15.895112,-3881
31.1409798,-15.8285208,-4007
31.2516346,-15.7458563,-4074
31.3290691,-15.6120863,-4012
31.4320526,-15.5128412,-3695
31.5531807,-15.4323845,-3968
12.7159023,-46.7955818,-2535
12.6629992,-46.6986198,-2523
12.616334,-46.5956764,-2507
12.5945787,-46.4808922,-2534
12.5475779,-46.3782539,-2794
12.5004292,-46.275795,-2810
29.2979832,-18.842289,-4093
29.3865795,-18.7341805,-4069
29.4852333,-18.6296215,-3980
29.5736465,-18.5207291,-4046
29.6721478,-18.4153538,-4015
29.7433357,-18.2861423,-4005
29.8314075,-18.1760731,-3671
29.9022388,-18.0461044,-3635
29.9626141,-17.9119396,-3741
30.0227528,-17.7774487,-3636
30.0723763,-17.638855,-3712
30.1699429,-17.5306664,-3704
30.2571201,-17.4183044,-3977
30.3267498,-17.2861366,-3862
30.4200325,-17.1490078,-3948
30.4788818,-17.0123482,-4039
12.4405317,-46.1858902,-2760
12.3942518,-46.0206184,-2777
12.3775158,-45.9129333,-2846
12.37292,-45.8054886,-2820
12.3620358,-45.6916695,-2771
28.3596001,-19.5888023,-3981
28.4750137,-19.5074635,-4092
28.5869293,-19.4371605,-4011
28.6959133,-19.3396492,-4013
28.8560677,-19.1848469,-4103
28.9680729,-19.1132851,-4023
29.0735188,-19.0258713,-4091
29.1858959,-18.9149303,-4003
12.3261452,-45.5902634,-2614
12.3148508,-45.4765816,-2680
12.2848139,-45.3691368,-2752
12.2423849,-45.2365456,-2740
12.2057714,-45.1356468,-2724
12.1505489,-45.0411606,-2723
27.5707626,-19.814703,-3991
27.700182,-19.829504,-3964
27.8305836,-19.8067112,-3913
28.0052357,-19.7509327,-3810
28.1232567,-19.6971416,-3626
28.2413788,-19.6430988,-4027
12.0952177,-44.9468613,-2694
12.0581837,-44.8464203,-2752
12.0021029,-44.652092,-2774
11.9449368,-44.4080238,-2715
26.8143501,-19.8830509,-3752
26.9498196,-19.8757801,-3672
27.0729179,-19.8384075,-3504
27.1980934,-19.8641968,-3614
27.3234253,-19.89011,-3419
27.4470234,-19.852499,-3899
11.9191694,-44.2955322,-2661
11.8871555,-44.1894913,-2661
11.8792629,-44.0706558,-2613
11.889617,-43.9577713,-2729
11.906003,-43.8509827,-2753
11.9159365,-43.7380028,-2817
11.9256535,-43.6249847,-2852
25.6331921,-21.128912,-3073
25.716053,-21.0174141,-3371
25.7832069,-20.886692,-3822
25.8368378,-20.7622871,-3882
25.8999138,-20.6416664,-3910
25.9628067,-20.520752,-3899
26.0352001,-20.4035511,-3768
26.1074352,-20.2860222,-3921
26.2300758,-20.1150646,-3856
26.3116722,-20.000639,-3865
26.427784,-19.949173,-3867
26.5537758,-19.9014301,-3412
26.6826191,-19.8793259,-3588
11.929184,-43.5183563,-2797
11.9017172,-43.4063187,-2713
11.8528738,-43.2011414,-2787
11.831152,-43.095459,-2847
11.8273821,-42.9829483,-2806
11.847867,-42.8695259,-2810
24.3667336,-22.6698341,-3559
24.4878311,-22.6407452,-3288
24.5926208,-22.5676289,-3713
24.6919346,-22.4795723,-3912
24.7762604,-22.372242,-3404
24.906002,-22.260788,-3815
25.0034752,-22.1464653,-3785
25.0780411,-22.0337105,-3799
25.142971,-21.9164085,-3899
25.2172413,-21.8030186,-3836
25.2818413,-21.6851139,-3852
25.3558083,-21.5710888,-3923
25.439188,-21.4608974,-3832
11.8730507,-42.7245026,-2711
23.6101398,-22.8144016,-3538
23.7395592,-22.7903252,-3564
23.8691597,-22.7661304,-3711
23.9896202,-22.7375393,-3674
24.1141396,-22.6985893,-3647
24.2403488,-22.6842461,-3615
22.6582508,-23.437254,-3050
22.7669659,-23.3824062,-3668
22.8705559,-23.3131008,-3593
22.9977455,-23.1010303,-3673
23.0722942,-22.9938526,-3718
23.1467228,-22.8863735,-3820
23.2356205,-22.7970848,-3685
23.3605938,-22.7832146,-3797
23.4833336,-22.8038197,-3711
21.9190578,-23.4758415,-3299
22.0564613,-23.4821587,-3349
22.1810665,-23.4940529,-3334
22.2979412,-23.5256462,-3247
22.4217129,-23.5137234,-3269
22.5444698,-23.4777164,-3359
21.102211,-23.7714233,-3106
21.2260647,-23.7038307,-3116
21.3472099,-23.6690578,-3042
21.4634514,-23.6202412,-3115
21.5708103,-23.5669842,-3267
21.6782589,-23.5135136,-3127
21.7999477,-23.4780083,-3315
20.311615,-24.0110245,-3968
20.4276638,-23.9869785,-4051
20.5438671,-23.9628277,-4031
20.655283,-23.9248657,-4061
20.7717819,-23.9004765,-3781
20.8784943,-23.848465,-2892
20.9902897,-23.8100243,-3277
19.6051674,-24.0352116,-2715
19.7250938,-24.0250092,-3268
19.8354435,-23.9877491,-2907
19.9517841,-23.986763,-3038
20.0692577,-24.0087204,-2993
20.1908283,-24.0213718,-2646
18.8739395,-24.0332165,-2975
18.9889069,-24.0323429,-2962
19.1127491,-24.0355778,-2974
19.2551613,-24.0696774,-3000
19.370676,-24.0688763,-2937
19.4902611,-24.0587921,-2923
18.1749325,-24.1410923,-3054
18.2927551,-24.1313858,-3090
18.406889,-24.1307278,-3078
18.5202847,-24.1077652,-3058
18.6329098,-24.0623589,-3048
18.7514019,-24.0523968,-3011
17.5990295,-24.140213,-2893
17.7198257,-24.1216278,-2942
17.8331318,-24.1209583,-3021
17.9466038,-24.120285,-3022
18.0611324,-24.1417236,-3009
16.6513119,-24.6308651,-2676
16.7578087,-24.5968285,-2648
16.8552742,-24.5369968,-2640
16.9482021,-24.4641037,-2611
17.050396,-24.4166908,-2840
17.151886,-24.3473454,-2720
17.2364483,-24.2697258,-2724
17.329504,-24.1958675,-2796
17.4272842,-24.1346874,-2865
15.8934956,-24.7424946,-2603
16.0086403,-24.7557468,-2657
16.1194649,-24.7563744,-2635
16.2304516,-24.7570057,-2631
16.3454552,-24.7489262,-2765
16.4515953,-24.7153091,-2749
15.2170935,-24.7520828,-2439
15.3312082,-24.765192,-2463
15.4378653,-24.7954922,-2542
15.5516777,-24.7876091,-2550
15.6522713,-24.7419758,-2611
15.7746992,-24.7379227,-2597
14.5957241,-24.7847996,-2658
14.6994467,-24.7522984,-2660
14.8373499,-24.7770176,-2689
14.9944468,-24.7593689,-2600
15.1031494,-24.7390289,-2469
13.8538542,-25.0300007,-2604
13.9685211,-24.9939404,-2624
14.0714798,-24.9621925,-2641
14.1794662,-24.9631996,-2672
14.2908268,-24.9351711,-2675
14.3936195,-24.882431,-2704
14.4927368,-24.8379135,-2675
13.1892691,-25.0928059,-2582
13.2991877,-25.065527,-2648
13.4135323,-25.0502357,-2603
13.531805,-25.026619,-2659
13.6384602,-25.0073204,-2645
13.7463465,-25.0288696,-2640
12.9460087,-25.1355381,-2555
12.9422731,-25.1437073,-2561
13.0438662,-25.112812,-2729
