,LON,LAT,ELEV,THARSIS,TPW,PALEO,OPT
0,-11.7152328,35.5297966,-3.785,-1.5278129729381917,2.3239977854097176e-05,-2.2572102670396625,-3.0769044775921164
1,-11.6966257,35.5967522,-3.739,-1.5278129729381917,2.3239977854097176e-05,-2.2112102670396627,-3.030904477592116
2,-11.6939125,35.6001129,-3.739,-1.5278129729381917,2.3239977854097176e-05,-2.2112102670396627,-3.030904477592116
3,-11.6909847,36.2495766,-3.864,-1.5309969935177246,2.389111250013837e-05,-2.3330268975947757,-3.154429058821153
4,-11.6902666,36.2467804,-3.866,-1.5309969935177246,2.389111250013837e-05,-2.3350268975947754,-3.1564290588211534
5,-11.6811914,35.4659538,-3.875,-1.5262093909374348,2.291640356890007e-05,-2.3488135254661344,-3.1676475511241318
6,-11.6197386,36.1972466,-3.908,-1.5309969935177246,2.389111250013837e-05,-2.3770268975947757,-3.1984290588211532
7,-11.6136875,35.8052139,-3.824,-1.5294088487469442,2.3564889078925895e-05,-2.2946147161421346,-3.1151649763231006
8,-11.5915623,35.4491158,-3.847,-1.5262093909374348,2.291640356890007e-05,-2.3208135254661344,-3.1396475511241317
9,-11.5761938,35.8695908,-3.843,-1.5294088487469442,2.3564889078925895e-05,-2.3136147161421343,-3.1341649763231008
10,-11.5449257,36.2300339,-3.902,-1.5309969935177246,2.389111250013837e-05,-2.3710268975947755,-3.1924290588211535
11,-11.5040426,35.9251442,-3.795,-1.5294088487469442,2.3564889078925895e-05,-2.2656147161421347,-3.0861649763231007
12,-11.5013628,35.4438553,-3.877,-1.5262093909374348,2.291640356890007e-05,-2.350813525466134,-3.1696475511241315
13,-11.4645157,36.2840691,-3.93,-1.5239039693174983,2.5219960749169088e-05,-2.406121250643251,-3.223717128847827
14,-11.4240417,35.949913,-3.808,-1.5206447019857456,2.45607958744571e-05,-2.287379858810129,-3.1032274190418683
15,-11.4173555,35.4490395,-3.9,-1.5173547693366942,2.390657821554008e-05,-2.382669137241521,-3.196751924200513
16,-11.3901529,36.319519,-3.905,-1.5239039693174983,2.5219960749169088e-05,-2.3811212506432513,-3.1987171288478264
17,-11.3418779,35.9662094,-3.776,-1.5206447019857456,2.45607958744571e-05,-2.255379858810129,-3.0712274190418682
18,-11.335391,35.4769478,-3.878,-1.5173547693366942,2.390657821554008e-05,-2.3606691372415214,-3.174751924200513
19,-11.3247061,36.274704,-3.917,-1.5239039693174983,2.5219960749169088e-05,-2.3931212506432513,-3.2107171288478265
20,-11.3045464,36.2080078,-3.907,-1.5222781823421871,2.4889772424484107e-05,-2.3847467074302373,-3.201470490811127
21,-11.2720766,36.0036736,-3.912,-1.5222781823421871,2.4889772424484107e-05,-2.389746707430237,-3.206470490811127
22,-11.2719698,36.1346207,-3.897,-1.5222781823421871,2.4889772424484107e-05,-2.374746707430237,-3.1914704908111267
23,-11.2540274,35.4930763,-3.82,-1.5173547693366942,2.390657821554008e-05,-2.302669137241521,-3.116751924200513
24,-11.2484846,36.0685539,-3.921,-1.5134648388575502,2.5886471579626395e-05,-2.4075610476140294,-3.219555735450799
25,-11.1719322,35.5063248,-3.804,-1.510099142257467,2.5224147556316064e-05,-2.2939260818900893,-3.1041153517070295
26,-10.8370132,35.8199196,-3.968,-1.5028343684161407,2.6546668650846056e-05,-2.46519217825251,-3.271483020823149
27,-10.8363523,35.8171234,-3.965,-1.5028343684161407,2.6546668650846056e-05,-2.46219217825251,-3.268483020823149
28,-10.7603273,35.7825165,-3.944,-1.5028343684161407,2.6546668650846056e-05,-2.44119217825251,-3.247483020823149
29,-10.6878595,35.7473106,-3.946,-1.4920144554911015,2.720029295715351e-05,-2.4540127448018563,-3.254498105398081
30,-10.6430006,36.4803314,-3.843,-1.4973268801485298,2.8212209876760573e-05,-2.345701332061347,-3.1490363873369653
31,-10.6127033,35.7153625,-3.983,-1.4920144554911015,2.720029295715351e-05,-2.491012744801856,-3.2914981053980807
32,-10.561636,36.4576187,-3.834,-1.4973268801485298,2.8212209876760573e-05,-2.336701332061347,-3.1400363873369654
33,-10.5574217,36.5019493,-3.891,-1.4990827371174167,2.8551468778393075e-05,-2.391945814351362,-3.1962227451170118
34,-10.5152245,35.7098694,-3.961,-1.4920144554911015,2.720029295715351e-05,-2.469012744801856,-3.2694981053980805
35,-10.4775009,36.4381561,-3.752,-1.4882896423145708,2.9205641088819464e-05,-2.263739563326518,-3.0622254003609983
36,-10.4733238,36.5144958,-3.953,-1.4900918375555512,2.9547554025741496e-05,-2.4629377099984744,-3.262390282644144
37,-10.4325428,35.7222786,-3.903,-1.4828387411284993,2.8185308978796892e-05,-2.420189444180479,-3.215751295218839
38,-10.3978653,36.4062996,-3.569,-1.4882896423145708,2.9205641088819464e-05,-2.080739563326518,-2.8792254003609985
39,-10.3885374,36.524128,-3.916,-1.4900918375555512,2.9547554025741496e-05,-2.4259377099984745,-3.225390282644144
40,-10.3498163,35.7345924,-3.847,-1.4828387411284993,2.8185308978796892e-05,-2.364189444180479,-3.159751295218839
41,-10.3157949,36.3631058,-3.33,-1.4882896423145708,2.9205641088819464e-05,-1.8417395633265181,-2.6402254003609986
42,-10.3043528,36.5364761,-3.892,-1.4900918375555512,2.9547554025741496e-05,-2.4019377099984744,-3.201390282644144
43,-10.2682972,35.7524109,-3.824,-1.4846630569063126,2.8524492629301393e-05,-2.3393654675863167,-3.1359059238752307
44,-10.2465858,36.3121758,-3.476,-1.4791670013773355,3.01970480688302e-05,-1.9968631956707334,-2.7904539948276703
45,-10.222023,36.5571899,-3.88,-1.4810157070908594,3.054162798406015e-05,-2.3990148345371245,-3.1935973218089524
46,-10.2121353,36.2387543,-3.504,-1.4773109800208752,2.9853276350326307e-05,-2.0267188732554753,-2.8193140588537866
47,-10.207016,35.8134499,-3.773,-1.475447682652414,2.9510339008095156e-05,-2.297581827686594,-3.0891774955314037
48,-10.2064018,35.9553757,-3.706,-1.475447682652414,2.9510339008095156e-05,-2.230581827686594,-3.0221774955314036
49,-10.2059193,36.03368,-3.787,-1.4773109800208752,2.9853276350326307e-05,-2.3097188732554756,-3.1023140588537865
50,-10.196454,36.1684608,-3.328,-1.4773109800208752,2.9853276350326307e-05,-1.8507188732554753,-2.6433140588537865
51,-10.1949081,35.887558,-3.561,-1.475447682652414,2.9510339008095156e-05,-2.085581827686594,-2.8771774955314036
52,-10.1849232,36.1005135,-3.648,-1.4773109800208752,2.9853276350326307e-05,-2.1707188732554754,-2.9633140588537867
53,-10.1450195,36.5857697,-3.877,-1.4810157070908594,3.054162798406015e-05,-2.3960148345371244,-3.1905973218089523
54,-10.1112471,36.1894836,-3.758,-1.4773109800208752,2.9853276350326307e-05,-2.2807188732554753,-3.0733140588537866
55,-10.0998344,36.1215096,-4.031,-1.4773109800208752,2.9853276350326307e-05,-2.5537188732554754,-3.3463140588537863
56,-10.0976429,36.2581978,-3.77,-1.4791670013773355,3.01970480688302e-05,-2.2908631956707333,-3.0844539948276704
57,-10.0780792,36.627388,-3.89,-1.4810157070908594,3.054162798406015e-05,-2.4090148345371243,-3.2035973218089526
58,-10.0601511,36.3332634,-3.785,-1.4791670013773355,3.01970480688302e-05,-2.305863195670733,-3.0994539948276705
59,-10.0565672,36.0552559,-3.916,-1.4773109800208752,2.9853276350326307e-05,-2.4387188732554756,-3.2313140588537865
60,-10.0159426,36.3947678,-3.692,-1.4791670013773355,3.01970480688302e-05,-2.212863195670733,-3.0064539948276705
61,-10.0048008,36.6902313,-3.908,-1.4810157070908594,3.054162798406015e-05,-2.4270148345371245,-3.2215973218089524
62,-9.990962,36.0009079,-3.898,-1.4680585918524984,3.0839884888023486e-05,-2.4299722480323895,-3.2176027859641585
63,-9.9518766,36.7472343,-3.871,-1.4718565442894673,3.153367184194751e-05,-2.3991749893823746,-3.188842843617714
64,-9.9470711,36.4597473,-3.585,-1.4699611748966157,3.11864120569073e-05,-2.1150700115154413,-2.903721142940153
65,-9.9412861,36.4663734,-3.549,-1.4699611748966157,3.11864120569073e-05,-2.0790700115154412,-2.8677211429401526
66,-9.9197884,35.953125,-3.88,-1.4661488374961058,3.0494116724681285e-05,-2.4138816566206187,-3.20048775307881
67,-9.9023552,36.80373,-3.816,-1.4737446582024345,3.188163779796644e-05,-2.3422872234353638,-3.1329679073711905
68,-9.8610182,36.8648987,-3.886,-1.4737446582024345,3.188163779796644e-05,-2.4122872234353636,-3.2029679073711907
69,-9.8379011,35.9212723,-3.811,-1.4661488374961058,3.0494116724681285e-05,-2.3448816566206188,-3.13148775307881
70,-9.8112564,36.9213905,-3.842,-1.4737446582024345,3.188163779796644e-05,-2.3682872234353636,-3.158967907371191
71,-9.7572136,36.9755287,-3.905,-1.4737446582024345,3.188163779796644e-05,-2.4312872234353637,-3.221967907371191
72,-9.7435589,35.9142151,-3.871,-1.4567687738412682,3.1475807282440826e-05,-2.414262701966014,-3.195835652571307
73,-9.6882229,37.0287514,-3.856,-1.4664793881593168,3.322543650253699e-05,-2.3895538372771856,-3.176335816327151
74,-9.6538944,35.9121742,-3.762,-1.4567687738412682,3.1475807282440826e-05,-2.305262701966014,-3.086835652571307
75,-9.6249809,37.0752945,-3.849,-1.4664793881593168,3.322543650253699e-05,-2.3825538372771855,-3.1693358163271514
76,-9.5998669,37.0086327,-3.905,-1.4664793881593168,3.322543650253699e-05,-2.4385538372771856,-3.2253358163271515
77,-9.5700455,35.920784,-3.843,-1.4567687738412682,3.1475807282440826e-05,-2.386262701966014,-3.167835652571307
78,-9.5405073,36.9349594,-3.952,-1.4645515632513988,3.287424985886291e-05,-2.4874813109984597,-3.2732291562168943
79,-9.5264959,36.642746,-3.85,-1.4626165450696922,3.252366694097761e-05,-2.387415978597249,-3.172125830303973
80,-9.5236549,36.7158546,-3.72,-1.4626165450696922,3.252366694097761e-05,-2.257415978597249,-3.042125830303973
81,-9.5230627,36.7130241,-3.74,-1.4626165450696922,3.252366694097761e-05,-2.277415978597249,-3.062125830303973
82,-9.5123196,36.5748825,-3.857,-1.4626165450696922,3.252366694097761e-05,-2.394415978597249,-3.179125830303973
83,-9.4861755,35.9466324,-3.805,-1.4473097404851982,3.2455392341014495e-05,-2.3577227149071427,-3.1342201517343913
84,-9.4841232,36.5089455,-3.885,-1.453297902160873,3.351159477603729e-05,-2.431735609433903,-3.2114452655793633
85,-9.4813461,36.8787613,-3.864,-1.4552799471577003,3.3864807480446236e-05,-2.40875391764978,-3.189526796860235
86,-9.432889,36.000061,-3.716,-1.4493127512726092,3.2806860372194554e-05,-2.266720055587763,-3.0442919650432727
87,-9.3933439,36.8758965,-3.795,-1.4552799471577003,3.3864807480446236e-05,-2.33975391764978,-3.120526796860235
88,-9.3928041,36.0661583,-3.648,-1.4493127512726092,3.2806860372194554e-05,-2.198720055587763,-2.976291965043273
89,-9.3659458,36.1449623,-3.508,-1.4493127512726092,3.2806860372194554e-05,-2.058720055587763,-2.8362919650432725
90,-9.3471794,36.2111435,-3.682,-1.4493127512726092,3.2806860372194554e-05,-2.232720055587763,-3.010291965043273
91,-9.3152933,36.903656,-3.856,-1.4552799471577003,3.3864807480446236e-05,-2.4007539176497805,-3.181526796860235
92,-9.2539539,36.2292519,-3.89,-1.4493127512726092,3.2806860372194554e-05,-2.440720055587763,-3.218291965043273
93,-9.181962,36.1923676,-3.899,-1.4398237551342958,3.3787190680859706e-05,-2.4592100320563848,-3.23169035161455
94,-9.1071539,36.1586914,-3.864,-1.4398237551342958,3.3787190680859706e-05,-2.424210032056385,-3.1966903516145497
95,-9.018878,36.1469269,-3.841,-1.4398237551342958,3.3787190680859706e-05,-2.401210032056385,-3.17369035161455
96,-8.9344912,36.1548004,-3.897,-1.4302603387071213,3.476539186835728e-05,-2.466774426684747,-3.23412322929711
97,-8.8527975,36.1766853,-3.871,-1.4302603387071213,3.476539186835728e-05,-2.4407744266847473,-3.2081232292971102
98,-8.7715673,36.2013016,-3.829,-1.4302603387071213,3.476539186835728e-05,-2.398774426684747,-3.1661232292971104
99,-7.7887235,36.7002144,-3.707,-1.3958567834101814,3.9394732353906566e-05,-2.3111826113221725,-3.0600706341986568
100,-7.7875113,36.6931076,-3.707,-1.3958567834101814,3.9394732353906566e-05,-2.3111826113221725,-3.0600706341986568
101,-7.7099919,36.6617546,-3.681,-1.386048651117174,4.036768414188395e-05,-2.294991716566968,-3.038616929642867
102,-7.6098676,36.6834106,-3.668,-1.386048651117174,4.036768414188395e-05,-2.281991716566968,-3.025616929642867
103,-7.5554481,36.7362633,-3.678,-1.386048651117174,4.036768414188395e-05,-2.291991716566968,-3.035616929642867
104,-7.5009036,36.7890968,-3.675,-1.3883617707133655,4.073965986325683e-05,-2.286678968946498,-3.0315450241317974
105,-7.3762813,36.7731705,-3.659,-1.3785397080707205,4.171313229418673e-05,-2.2805020050615736,-3.0200977762150694
106,-7.3022132,36.7337761,-3.666,-1.3761792383465896,4.1338426180960466e-05,-2.289862100079591,-3.0281916261596407
107,-7.2227097,36.6876564,-3.671,-1.36625068535103,4.230694135912421e-05,-2.3047916215903292,-3.0377937317830255
108,-7.149467,36.6516953,-3.68,-1.36625068535103,4.230694135912421e-05,-2.313791621590329,-3.046793731783026
109,-6.9394865,38.426918,-3.815,-1.373330056088944,4.592882124605505e-05,-2.4417158727323023,-3.178514284372194
110,-6.9348736,38.4273567,-3.814,-1.373330056088944,4.592882124605505e-05,-2.440715872732302,-3.177514284372194
111,-6.8977785,38.1269073,-3.822,-1.370909762689871,4.55504241906968e-05,-2.45113578773432,-3.1866358595082023
112,-6.8791628,36.2025719,-3.629,-1.3513385333257617,4.251223446315894e-05,-2.277703978908701,-3.002705267590525
113,-6.8786325,36.199028,-3.632,-1.3513385333257617,4.251223446315894e-05,-2.280703978908701,-3.005705267590525
114,-6.8737454,35.9874878,-3.604,-1.3488671285840208,4.2131517928343964e-05,-2.2551750029339073,-2.9788505305873
115,-6.8631344,36.1250267,-3.65,-1.3513385333257617,4.251223446315894e-05,-2.2987039789087014,-3.023705267590525
116,-6.8618779,36.0568771,-3.663,-1.3513385333257617,4.251223446315894e-05,-2.3117039789087013,-3.036705267590525
117,-6.8538671,38.4790421,-3.837,-1.373330056088944,4.592882124605505e-05,-2.463715872732302,-3.2005142843721943
118,-6.8457499,35.918438,-3.64,-1.3488671285840208,4.2131517928343964e-05,-2.2911750029339073,-3.0148505305872995
119,-6.8219004,38.0865517,-3.796,-1.370909762689871,4.55504241906968e-05,-2.42513578773432,-3.160635859508202
120,-6.7740083,35.8823357,-3.69,-1.3488671285840208,4.2131517928343964e-05,-2.341175002933907,-3.0648505305872993
121,-6.7666368,38.4908638,-3.846,-1.373330056088944,4.592882124605505e-05,-2.472715872732302,-3.209514284372194
122,-6.6907043,38.0476227,-3.669,-1.3611551076542072,4.652990286053074e-05,-2.307891422248653,-3.038157372494457
123,-6.6890235,35.8761215,-3.718,-1.3386862688981538,4.308677702157912e-05,-2.3793568178788678,-3.0975695684345705
124,-6.6777368,38.4917297,-3.853,-1.3636236440506864,4.691061173406713e-05,-2.4894232665610474,-3.221013438906415
125,-6.6156754,38.010685,-3.672,-1.3611551076542072,4.652990286053074e-05,-2.310891422248653,-3.041157372494457
126,-6.6151452,38.0070801,-3.682,-1.3611551076542072,4.652990286053074e-05,-2.3208914222486534,-3.051157372494457
127,-6.6142249,38.4425278,-3.878,-1.3636236440506864,4.691061173406713e-05,-2.5144232665610473,-3.2460134389064152
128,-6.6060839,35.8839531,-3.711,-1.3386862688981538,4.308677702157912e-05,-2.3723568178788677,-3.0905695684345704
129,-6.5671792,38.3771706,-3.919,-1.3636236440506864,4.691061173406713e-05,-2.5554232665610477,-3.2870134389064147
130,-6.5231166,35.8916893,-3.715,-1.3386862688981538,4.308677702157912e-05,-2.3763568178788677,-3.0945695684345704
131,-6.4923711,38.5378113,-3.85,-1.3563749901226942,4.8272688932413655e-05,-2.4936732825662378,-3.22137365514554
132,-6.4859595,38.6227608,-3.848,-1.3563749901226942,4.8272688932413655e-05,-2.491673282566238,-3.2193736551455396
133,-6.4650955,38.3496933,-4.042,-1.3538639659325682,4.789021095424456e-05,-2.6881839242783863,-3.4145372800321248
134,-6.4391351,35.8922501,-3.724,-1.3284529453336136,4.403972282511472e-05,-2.395591094389211,-3.1083129210149134
135,-6.4372015,38.4803772,-3.731,-1.3538639659325682,4.789021095424456e-05,-2.3771839242783863,-3.103537280032125
136,-6.4278212,38.6756134,-3.912,-1.3563749901226942,4.8272688932413655e-05,-2.555673282566238,-3.2833736551455397
137,-6.3785319,38.3646545,-3.769,-1.3538639659325682,4.789021095424456e-05,-2.415183924278386,-3.141537280032125
138,-6.3698668,38.4349976,-3.495,-1.3538639659325682,4.789021095424456e-05,-2.141183924278386,-2.867537280032125
139,-6.3551521,35.8927116,-3.721,-1.3284529453336136,4.403972282511472e-05,-2.3925910943892115,-3.1053129210149133
140,-6.3431954,38.7087059,-3.889,-1.3563749901226942,4.8272688932413655e-05,-2.532673282566238,-3.2603736551455396
141,-6.2726083,35.9036903,-3.687,-1.3284529453336136,4.403972282511472e-05,-2.358591094389211,-3.071312921014913
142,-6.2548761,38.7163124,-3.874,-1.3563749901226942,4.8272688932413655e-05,-2.517673282566238,-3.24537365514554
143,-6.2127504,35.9519958,-3.698,-1.3181693106796557,4.499033905500367e-05,-2.379875679659399,-3.087079590552305
144,-6.1665268,38.7238121,-3.86,-1.3466123367307792,4.925234018178128e-05,-2.5134369156094025,-3.2358988752665714
145,-6.1431828,36.1948814,-3.69,-1.3207802109568028,4.538006748512247e-05,-2.3692651691106823,-3.077869678749086
146,-6.1304569,36.1995773,-3.675,-1.3207802109568028,4.538006748512247e-05,-2.354265169110682,-3.0628696787490863
147,-6.1271,35.9738274,-3.671,-1.3181693106796557,4.499033905500367e-05,-2.3528756796593995,-3.060079590552305
148,-6.1036997,36.367218,-3.695,-1.3233863259132872,4.576942991345444e-05,-2.3716594435166263,-3.081661984662676
149,-6.0829902,38.6977768,-3.844,-1.3466123367307792,4.925234018178128e-05,-2.4974369156094025,-3.2198988752665714
150,-6.0603204,36.241539,-3.598,-1.3207802109568028,4.538006748512247e-05,-2.277265169110682,-2.9858696787490864
151,-6.0515742,36.3105621,-3.645,-1.3233863259132872,4.576942991345444e-05,-2.321659443516626,-3.031661984662676
152,-6.0438952,35.9810066,-3.703,-1.3181693106796557,4.499033905500367e-05,-2.3848756796593995,-3.092079590552305
153,-6.0073776,38.6600075,-3.75,-1.3466123367307792,4.925234018178128e-05,-2.4034369156094026,-3.1258988752665715
154,-5.9620371,35.9987259,-3.733,-1.307837506720352,4.59386095869957e-05,-2.425208431889235,-3.126868584371448
155,-5.9477291,37.409977,-3.822,-1.3237099957077985,4.8287940777440224e-05,-2.4983382922329787,-3.208513138403888
156,-5.9432101,37.4103508,-3.817,-1.3237099957077985,4.8287940777440224e-05,-2.4933382922329788,-3.203513138403888
157,-5.9198909,38.6378098,-3.773,-1.3368003046291197,5.022977887276449e-05,-2.436249925149753,-3.1534469802622795
158,-5.8810201,36.0234413,-3.767,-1.3104946441807643,4.6331365701966574e-05,-2.4565516871849375,-3.159637244096861
159,-5.8581433,37.3883133,-3.799,-1.3237099957077985,4.8287940777440224e-05,-2.475338292232979,-3.1855131384038877
160,-5.8311677,38.6412735,-3.819,-1.3368003046291197,5.022977887276449e-05,-2.4822499251497527,-3.1994469802622794
161,-5.8010998,37.3349228,-3.801,-1.3237099957077985,4.8287940777440224e-05,-2.4773382922329787,-3.187513138403888
162,-5.7950172,36.0090523,-3.761,-1.3104946441807643,4.6331365701966574e-05,-2.4505516871849378,-3.1536372440968616
163,-5.7924013,37.2667656,-3.8,-1.3237099957077985,4.8287940777440224e-05,-2.476338292232979,-3.1865131384038876
164,-5.7238765,37.1925926,-3.803,-1.3109312928490486,4.885804463205224e-05,-2.4921175651955836,-3.1954360385054055
165,-5.6402655,37.1413155,-3.822,-1.3109312928490486,4.885804463205224e-05,-2.5111175651955837,-3.2144360385054056
166,-5.6017637,37.4558983,-3.721,-1.3136118384300113,4.925096421709796e-05,-2.407437412534206,-3.1121938491792513
167,-5.567574,37.1035957,-3.702,-1.3109312928490486,4.885804463205224e-05,-2.3911175651955836,-3.0944360385054055
168,-5.5055485,37.4161797,-3.635,-1.3136118384300113,4.925096421709796e-05,-2.321437412534206,-3.026193849179251
169,-5.4836907,37.0847549,-3.763,-1.300741271947687,4.981608488026154e-05,-2.4623085441371932,-3.1601593236550736
170,-5.415071,37.4230499,-3.601,-1.303468815044516,5.0211681149859665e-05,-2.297581396636634,-2.996895353298138
171,-5.3864088,37.0668373,-3.798,-1.300741271947687,4.981608488026154e-05,-2.4973085441371934,-3.1951593236550737
172,-5.3365774,37.4542923,-3.754,-1.303468815044516,5.0211681149859665e-05,-2.450581396636634,-3.149895353298138
173,-5.2944365,37.0158882,-3.823,-1.300741271947687,4.981608488026154e-05,-2.5223085441371933,-3.2201593236550736
174,-5.2794533,37.5129089,-3.754,-1.3061917693463696,5.0606536757144926e-05,-2.4478588371903873,-3.1486335093992133
175,-5.2214108,36.9706993,-3.821,-1.2877298928853007,5.037271999200074e-05,-2.5333204798346913,-3.2241900576012985
176,-5.2147579,37.5865593,-3.738,-1.296052948083169,5.1567544264497006e-05,-2.441998619461095,-3.137333066065409
177,-5.2143431,37.582962,-3.745,-1.296052948083169,5.1567544264497006e-05,-2.4489986194610953,-3.144333066065409
178,-5.1493363,36.9326134,-3.794,-1.2877298928853007,5.037271999200074e-05,-2.5063204798346916,-3.1971900576012984
179,-5.1428442,37.638916,-3.682,-1.296052948083169,5.1567544264497006e-05,-2.385998619461095,-3.081333066065409
180,-5.0568213,37.6486244,-3.695,-1.296052948083169,5.1567544264497006e-05,-2.398998619461095,-3.094333066065409
181,-5.0546107,36.8924751,-3.783,-1.2877298928853007,5.037271999200074e-05,-2.4953204798346915,-3.1861900576012983
182,-4.9709392,36.8694954,-3.823,-1.2774100553414922,5.132329980605532e-05,-2.545641267958314,-3.230973506331443
183,-4.9683881,37.6366158,-3.662,-1.2858731067621965,5.2526225208196565e-05,-2.3761794194630115,-3.0660516335098427
184,-4.8954682,37.598053,-3.491,-1.2858731067621965,5.2526225208196565e-05,-2.2051794194630117,-2.895051633509843
185,-4.8914399,36.8425407,-3.773,-1.2774100553414922,5.132329980605532e-05,-2.495641267958314,-3.1809735063314433
186,-4.8061023,36.8447304,-3.772,-1.2774100553414922,5.132329980605532e-05,-2.494641267958314,-3.179973506331443
187,-4.8025937,37.5426407,-3.488,-1.2858731067621965,5.2526225208196565e-05,-2.2021794194630115,-2.8920516335098427
188,-4.724823,36.8861923,-3.768,-1.2670517371502272,5.22715019027464e-05,-2.5010005343516757,-3.1807747888576428
189,-4.7065306,37.49823,-3.643,-1.2727906143053942,5.307983307958413e-05,-2.3702624655276856,-3.053115325481316
190,-4.6780353,37.9757767,-3.756,-1.2785138033916423,5.3884296947462904e-05,-2.4775400809053054,-3.163463131372935
191,-4.6687284,36.9547844,-3.775,-1.2670517371502272,5.22715019027464e-05,-2.5080005343516754,-3.1877747888576424
192,-4.6090293,37.9329033,-3.718,-1.2785138033916423,5.3884296947462904e-05,-2.439540080905305,-3.125463131372935
193,-4.607583,37.4683914,-3.581,-1.2727906143053942,5.307983307958413e-05,-2.3082624655276853,-2.9911153254813163
194,-4.6068892,37.0129013,-3.767,-1.2699230875643293,5.2676135542423485e-05,-2.497129588571213,-3.1784441712940064
195,-4.590168,37.9741135,-3.762,-1.2785138033916423,5.3884296947462904e-05,-2.483540080905305,-3.169463131372935
196,-4.5445356,37.0674095,-3.676,-1.2699230875643293,5.2676135542423485e-05,-2.406129588571213,-3.087444171294006
197,-4.5307083,37.4298096,-3.615,-1.2727906143053942,5.307983307958413e-05,-2.3422624655276856,-3.0251153254813166
198,-4.5130501,37.8953133,-3.666,-1.2785138033916423,5.3884296947462904e-05,-2.387540080905305,-3.073463131372935
199,-4.4980822,37.9762459,-3.756,-1.2683045703861087,5.4840850665070485e-05,-2.487750270464556,-3.1681953202035484
200,-4.4890079,37.1467323,-3.57,-1.2595743323111328,5.3624743458838574e-05,-2.310479292432326,-2.9862410218056934
201,-4.4775848,37.3535042,-3.486,-1.2624881330767221,5.403116493071706e-05,-2.2235658980882085,-2.900890730305776
202,-4.4731841,37.2163658,-3.505,-1.2595743323111328,5.3624743458838574e-05,-2.245479292432326,-2.9212410218056934
203,-4.4708638,37.2851982,-3.604,-1.2624881330767221,5.403116493071706e-05,-2.3415658980882084,-3.0188907303057757
204,-4.4397492,37.8525925,-3.656,-1.2683045703861087,5.4840850665070485e-05,-2.387750270464556,-3.068195320203549
205,-4.4059882,37.97826,-3.763,-1.2683045703861087,5.4840850665070485e-05,-2.4947502704645563,-3.1751953202035486
206,-4.3658891,37.802597,-3.676,-1.2683045703861087,5.4840850665070485e-05,-2.407750270464556,-3.088195320203549
207,-4.3455815,37.7348366,-3.639,-1.2653982460218722,5.443654428986359e-05,-2.3736561905224174,-3.0525421475431065
208,-4.3184738,37.9798851,-3.743,-1.2683045703861087,5.4840850665070485e-05,-2.4747502704645563,-3.1551953202035485
209,-4.2267041,37.9852905,-3.733,-1.2580599944524962,5.579504260105198e-05,-2.4749958005901047,-3.1499438885765922
210,-4.222115,37.9855576,-3.731,-1.2580599944524962,5.579504260105198e-05,-2.472995800590105,-3.1479438885765925
211,2.2282896,39.9949379,-3.725,-1.0280306279579658,8.252826103545813e-05,-2.6970519003030695,-3.2485696176248715
212,2.252341,39.9942169,-3.729,-1.0178035521845186,8.343633612136935e-05,-2.711279884151603,-3.2573100537007007
213,2.3437288,39.9914055,-3.839,-1.0178035521845186,8.343633612136935e-05,-2.8212798841516027,-3.3673100537007006
214,2.4351046,39.9884834,-3.846,-1.0178035521845186,8.343633612136935e-05,-2.828279884151603,-3.3743100537007007
215,2.5180652,39.9230003,-3.818,-1.0075833919484756,8.434176726314978e-05,-2.8105009498187874,-3.351047283358048
216,2.5870464,39.8689995,-3.802,-1.0075833919484756,8.434176726314978e-05,-2.7945009498187874,-3.335047283358048
217,2.6768057,39.8437042,-3.789,-1.0075833919484756,8.434176726314978e-05,-2.7815009498187875,-3.322047283358048
218,2.7678511,39.8403816,-3.779,-0.9973715312365894,8.524454247460637e-05,-2.7817137133058853,-3.316780665145221
219,2.8624754,39.8183708,-3.796,-0.9973715312365894,8.524454247460637e-05,-2.7987137133058853,-3.333780665145221
220,2.941663,39.7821045,-3.789,-0.9973715312365894,8.524454247460637e-05,-2.7917137133058856,-3.3267806651452214
221,3.0323064,39.7747841,-3.81,-0.9871693349215405,8.614464991387808e-05,-2.8229168097283734,-3.3525095664695286
222,3.1240473,39.7157021,-3.751,-0.9829757636712049,8.568572524728854e-05,-2.768109922054043,-3.2954529779211863
223,3.2147913,39.7118378,-3.693,-0.9829757636712049,8.568572524728854e-05,-2.7101099220540426,-3.2374529779211865
224,5.6141253,41.2370491,-3.611,-0.9088160185913161,9.734273545613687e-05,-2.70228132414414,-3.1898297226902104
225,5.6180692,41.2367592,-3.609,-0.9088160185913161,9.734273545613687e-05,-2.70028132414414,-3.18782972269021
226,5.6771722,41.2922668,-3.607,-0.9134080784110497,9.77984904741569e-05,-2.6936897200794245,-3.183701619451426
227,5.6905627,41.3631897,-3.62,-0.9134080784110497,9.77984904741569e-05,-2.706689720079425,-3.1967016194514257
228,5.7012229,41.4433594,-3.612,-0.9134080784110497,9.77984904741569e-05,-2.698689720079425,-3.1887016194514257
229,5.7067637,41.5149574,-3.645,-0.9180070124462304,9.824966597520597e-05,-2.727091237219745,-3.219570328048845
230,5.7540755,41.5984764,-3.651,-0.9082333518178032,9.913448270432257e-05,-2.7428657826649014,-3.2301006058180746
231,5.8487682,41.6153145,-3.681,-0.9082333518178032,9.913448270432257e-05,-2.7728657826649012,-3.260100605818075
232,5.9372344,41.6445503,-3.715,-0.9082333518178032,9.913448270432257e-05,-2.8068657826649015,-3.2941006058180746
233,6.0343981,41.6489601,-3.763,-0.8984803467484717,0.00010001656813715776,-2.8646196698196653,-3.3466213089432215
234,6.1229081,41.6208725,-3.757,-0.8984803467484717,0.00010001656813715776,-2.8586196698196655,-3.3406213089432217
235,6.1875634,41.5675659,-3.767,-0.8984803467484717,0.00010001656813715776,-2.8686196698196653,-3.3506213089432215
236,6.2516241,41.511261,-3.695,-0.8887490699841023,0.00010089591167051962,-2.8063518259275684,-3.2831319402262498
237,6.3203521,41.4605293,-3.659,-0.8840462688988424,0.00010043903393663047,-2.7750541701350944,-3.249311368982927
238,6.4207001,41.4881859,-3.667,-0.8840462688988424,0.00010043903393663047,-2.7830541701350944,-3.257311368982927
239,6.4996567,41.5325851,-3.67,-0.8887490699841023,0.00010089591167051962,-2.7813518259275685,-3.25813194022625
240,6.5911393,41.5788574,-3.682,-0.8790405752153745,0.00010177250283636672,-2.8030611972874615,-3.2746320113008305
241,6.6444888,41.637413,-3.65,-0.8790405752153745,0.00010177250283636672,-2.771061197287462,-3.2426320113008305
242,6.7321539,41.7080116,-3.631,-0.8790405752153745,0.00010177250283636672,-2.752061197287462,-3.2236320113008303
243,6.8132672,41.7610741,-3.565,-0.8741339132060282,0.00010310207349560182,-2.690969188867467,-3.159906752900961
244,6.8856444,41.8088493,-3.574,-0.8741339132060282,0.00010310207349560182,-2.699969188867467,-3.168906752900961
245,6.9511747,41.8632469,-3.588,-0.8741339132060282,0.00010310207349560182,-2.713969188867467,-3.182906752900961
246,7.0173645,41.9205818,-3.617,-0.8645069049243382,0.00010397499470906145,-2.7525970700703706,-3.2163690551556314
247,7.1007466,41.9581909,-3.69,-0.8645069049243382,0.00010397499470906145,-2.8255970700703705,-3.2893690551556314
248,7.1977153,41.9551849,-3.654,-0.8645069049243382,0.00010397499470906145,-2.7895970700703705,-3.2533690551556314
249,7.2921124,41.9371986,-3.633,-0.8549051690949515,0.0001048451426045803,-2.7781996760476533,-3.2368196429225655
250,7.3642645,41.8849869,-3.622,-0.8549051690949515,0.0001048451426045803,-2.767199676047653,-3.2258196429225654
251,7.4513192,41.8493805,-3.682,-0.8549051690949515,0.0001048451426045803,-2.827199676047653,-3.2858196429225655
252,7.5466681,41.8611717,-3.636,-0.8453296791981662,0.0001057125071649373,-2.790776033308999,-3.2442580650113158
253,7.6464767,42.4387131,-3.584,-0.8551084582728149,0.00010661947866719055,-2.7289981612058525,-3.187726245412359
254,7.6564727,41.9076729,-3.661,-0.8453296791981662,0.0001057125071649373,-2.8157760333089987,-3.2692580650113157
255,7.6582212,42.3677635,-3.565,-0.8551084582728149,0.00010661947866719055,-2.7099981612058524,-3.168726245412359
256,7.6595149,42.5102844,-3.576,-0.8600119923572858,0.000107065013113354,-2.7160950726558277,-3.1774537762542403
257,7.6725979,42.5818901,-3.575,-0.8600119923572858,0.000107065013113354,-2.7150950726558274,-3.1764537762542404
258,7.6775556,42.76688,-3.594,-0.8649246973142735,0.00010750520131579358,-2.729182807887042,-3.1931770541290567
259,7.6797948,42.6662827,-3.596,-0.8600119923572858,0.000107065013113354,-2.7360950726558277,-3.1974537762542403
260,7.7169342,42.307312,-3.506,-0.8551084582728149,0.00010661947866719055,-2.650998161205852,-3.1097262454123586
261,7.7374806,41.9509277,-3.565,-0.8453296791981662,0.0001057125071649373,-2.7197760333089986,-3.1732580650113156
262,7.8103957,42.2584648,-3.525,-0.8456237475447224,0.00010748761679468173,-2.679483740072072,-3.1331225937957203
263,7.9018555,42.2218361,-3.545,-0.840697580587112,0.00010703502366336746,-2.704409454436551,-3.1554055495002267
264,7.9234519,42.9706535,-3.542,-0.8555052348529288,0.00010837660952180584,-2.686603141756593,-3.145543162951958
265,7.932198,42.9728127,-3.532,-0.8555052348529288,0.00010837660952180584,-2.6766031417565928,-3.1355431629519583
266,7.9526482,42.1438484,-3.565,-0.840697580587112,0.00010703502366336746,-2.724409454436551,-3.1754055495002267
267,7.9543285,42.1527672,-3.525,-0.840697580587112,0.00010703502366336746,-2.684409454436551,-3.1354055495002267
268,8.0284653,42.9964905,-3.593,-0.8461116765661673,0.00010924525346543695,-2.746997568687298,-3.2008972645025238
269,8.1265965,42.9863014,-3.642,-0.8461116765661673,0.00010924525346543695,-2.795997568687298,-3.2498972645025237
270,8.2112017,42.949955,-3.731,-0.8461116765661673,0.00010924525346543695,-2.884997568687298,-3.3388972645025237
271,8.2886095,42.899025,-3.728,-0.836744927844654,0.00011011112318344781,-2.8913651832785296,-3.3402389391483145
272,8.351222,42.8374138,-3.737,-0.836744927844654,0.00011011112318344781,-2.9003651832785295,-3.3492389391483144
273,8.393795,42.7596474,-3.634,-0.836744927844654,0.00011011112318344781,-2.7973651832785293,-3.246238939148314
274,8.4870415,42.7281456,-3.698,-0.831735389472237,0.00010966611184787018,-2.8663742766396108,-3.3125605391065966
275,8.5792227,42.7728729,-3.654,-0.827405875893035,0.00011097420884130235,-2.8267050983158066,-3.2705677756857554
276,8.6713257,42.7961731,-3.616,-0.827405875893035,0.00011097420884130235,-2.7887050983158064,-3.2325677756857556
277,8.7772779,42.8056068,-3.622,-0.8180953896882796,0.00011183450073284827,-2.804016444812454,-3.2428833713594405
278,8.8646011,42.8445168,-3.619,-0.8180953896882796,0.00011183450073284827,-2.8010164448124537,-3.239883371359441
279,8.8929863,43.4473495,-3.646,-0.8282710460770145,0.0001127137654715245,-2.817841667688457,-3.2621675953808706
280,8.9288721,43.378849,-3.624,-0.8282710460770145,0.0001127137654715245,-2.795841667688457,-3.240167595380871
281,8.9342995,42.8976135,-3.638,-0.8180953896882796,0.00011183450073284827,-2.820016444812454,-3.2588833713594405
282,8.9830313,43.3174477,-3.507,-0.8282710460770145,0.0001127137654715245,-2.678841667688457,-3.123167595380871
283,8.9939156,43.4450264,-3.487,-0.8282710460770145,0.0001127137654715245,-2.658841667688457,-3.103167595380871
284,8.9966698,42.9545975,-3.613,-0.8180953896882796,0.00011183450073284827,-2.795016444812454,-3.2338833713594406
285,9.0121822,43.0261993,-3.59,-0.8139271732959779,0.00011313608633324379,-2.7761859627903553,-3.212815847371719
286,9.0277472,43.0978394,-3.557,-0.8139271732959779,0.00011313608633324379,-2.7431859627903554,-3.179815847371719
287,9.0392704,43.1699905,-3.469,-0.8139271732959779,0.00011313608633324379,-2.6551859627903553,-3.091815847371719
288,9.0426264,43.2431335,-3.707,-0.8139271732959779,0.00011313608633324379,-2.8931859627903553,-3.329815847371719
289,9.0576105,43.3885803,-3.626,-0.8190513396525632,0.00011357432499906685,-2.8070622346724363,-3.246441116831212
290,9.1163626,43.3295975,-3.758,-0.8190513396525632,0.00011357432499906685,-2.9390622346724364,-3.3784411168312123
291,9.1953506,43.2865982,-3.74,-0.8190513396525632,0.00011357432499906685,-2.921062234672436,-3.3604411168312125
292,9.2696505,43.3360977,-3.789,-0.8098607583765818,0.00011443209094956775,-2.9792536737143682,-3.4137011381480633
293,9.3035898,43.4118767,-3.781,-0.8098607583765818,0.00011443209094956775,-2.971253673714368,-3.4057011381480633
294,9.3198032,43.4836655,-3.663,-0.8098607583765818,0.00011443209094956775,-2.8532536737143683,-3.287701138148063
295,9.3312054,43.5714417,-3.758,-0.8150268026431283,0.00011486587208884583,-2.94308806322896,-3.380306996090221
296,9.41043,43.5281487,-3.84,-0.8150268026431283,0.00011486587208884583,-3.0250880632289605,-3.462306996090221
297,9.431119,43.451889,-3.853,-0.8098607583765818,0.00011443209094956775,-3.0432536737143683,-3.4777011381480634
298,9.4641104,44.4286957,-3.56,-0.8305921378001875,0.00011613109319799156,-2.7295239932930104,-3.1750934064225285
299,9.4743452,43.3821449,-3.743,-0.8098607583765818,0.00011443209094956775,-2.9332536737143684,-3.367701138148063
300,9.4956856,44.3599358,-3.523,-0.8305921378001875,0.00011613109319799156,-2.6925239932930105,-3.1380934064225285
301,9.5640421,43.3497124,-3.562,-0.8007001130962688,0.00011528705382852766,-2.7614151739575594,-3.1909472835179318
302,9.5645428,44.3950043,-3.604,-0.8215549199543085,0.00011699138781884707,-2.7825620714335106,-3.2232823484767863
303,9.5868015,44.3242302,-3.523,-0.8215549199543085,0.00011699138781884707,-2.7015620714335107,-3.1422823484767863
304,9.5933752,44.1873589,-3.541,-0.8163239749248933,0.00011657447835376873,-2.7247925995534605,-3.162706578370247
305,9.6154728,44.116684,-3.539,-0.8163239749248933,0.00011657447835376873,-2.7227925995534608,-3.160706578370247
306,9.6313963,44.2569542,-3.534,-0.8215549199543085,0.00011699138781884707,-2.7125620714335104,-3.153282348476786
307,9.6513834,44.3411598,-3.55,-0.8215549199543085,0.00011699138781884707,-2.7285620714335104,-3.169282348476786
308,9.683116,43.3350258,-3.759,-0.8007001130962688,0.00011528705382852766,-2.9584151739575595,-3.387947283517932
309,9.7003393,44.0754166,-3.534,-0.8163239749248933,0.00011657447835376873,-2.7177925995534604,-3.1557065783702467
310,9.7310362,44.2942848,-3.599,-0.8215549199543085,0.00011699138781884707,-2.7775620714335103,-3.2182823484767864
311,9.7453909,43.6349068,-3.716,-0.805896363960186,0.00011572227890946548,-2.9102193583187232,-3.3425391420638153
312,9.7794247,44.0285873,-3.53,-0.8072843005279976,0.00011743076794312658,-2.7228331302399456,-3.155896657123353
313,9.7815962,43.3227386,-3.733,-0.7915701968630049,0.00011613920426692069,-2.941545942341262,-3.3661791853753398
314,9.7982883,43.6960945,-3.681,-0.7967960925584509,0.00011657588291225715,-2.8843204833244616,-3.3117573048949986
315,9.8001347,44.0074844,-3.531,-0.8072843005279976,0.00011743076794312658,-2.7238331302399454,-3.156896657123353
316,9.8232546,44.2643394,-3.622,-0.8125461977150765,0.00011784890922585463,-2.8095716511941493,-3.2454580821851957
317,9.8494129,43.6249847,-3.72,-0.7967960925584509,0.00011657588291225715,-2.9233204833244617,-3.350757304894999
318,9.8841181,43.3098106,-3.848,-0.7915701968630049,0.00011613920426692069,-3.056545942341262,-3.4811791853753395
319,9.8893604,43.7555809,-3.511,-0.8020341959030105,0.00011700641506655588,-2.7090828105120557,-3.1393297636003497
320,9.9440784,44.2988052,-3.655,-0.8125461977150765,0.00011784890922585463,-2.8425716511941492,-3.2784580821851956
321,9.9507055,43.6214294,-3.805,-0.7967960925584509,0.00011657588291225715,-3.0083204833244617,-3.4357573048949988
322,9.9824791,43.2972755,-3.834,-0.7915701968630049,0.00011613920426692069,-3.042545942341262,-3.4671791853753398
323,10.0315018,44.3373528,-3.756,-0.8035667403736578,0.0001187036478424793,-2.9525519632741846,-3.3836202509944973
324,10.0483227,43.6028061,-3.693,-0.7877267623867831,0.00011742667476808494,-2.905390664287985,-3.3279611258718913
325,10.0708675,43.2613068,-3.869,-0.782471784918488,0.00011698853302084796,-3.086645203614533,-3.5063964844092443
326,10.1100798,43.5424652,-3.759,-0.7877267623867831,0.00011742667476808494,-2.971390664287985,-3.393961125871891
327,10.1377144,43.4649544,-3.753,-0.782471784918488,0.00011698853302084796,-2.970645203614533,-3.3903964844092442
328,10.1384497,43.4679413,-3.768,-0.782471784918488,0.00011698853302084796,-2.9856452036145327,-3.405396484409244
329,10.1436138,43.1965256,-3.922,-0.7772296567320403,0.00011654420446088273,-3.144886887472421,-3.5618258847315363
330,10.1588621,44.3614311,-3.83,-0.8035667403736578,0.0001187036478424793,-3.0265519632741844,-3.4576202509944975
331,10.1990881,43.1308784,-3.886,-0.7772296567320403,0.00011654420446088273,-3.108886887472421,-3.5258258847315362
332,10.2611904,44.3544579,-3.76,-0.7946173004465699,0.00011955559421387139,-2.965502255147644,-3.3917685061261507
333,10.3852396,44.3476028,-3.582,-0.7946173004465699,0.00011955559421387139,-2.7875022551476443,-3.2137685061261507
334,10.4910679,44.370903,-3.661,-0.7946173004465699,0.00011955559421387139,-2.866502255147644,-3.292768506126151
335,10.606986,44.3989449,-3.658,-0.785698613667217,0.00012040473900652752,-2.8724217910717895,-3.2939025065802614
336,11.2747316,44.4996376,-3.685,-0.7591341777779412,0.0001229352723899056,-2.9259887574944488,-3.333215686569627
337,11.2797699,44.502037,-3.702,-0.7645843007185702,0.0001233543242870626,-2.9375390536057164,-3.347689873731114
338,11.3865528,44.5553398,-3.778,-0.7645843007185702,0.0001233543242870626,-3.0135390536057165,-3.423689873731114
339,11.493474,44.577343,-3.785,-0.7645843007185702,0.0001233543242870626,-3.0205390536057166,-3.4306898737311142
340,11.6170979,44.5655785,-3.616,-0.7558231332825144,0.000124193398052494,-2.860301060115538,-3.265750862912453
341,11.7175074,44.5945053,-3.749,-0.7558231332825144,0.000124193398052494,-2.993301060115538,-3.398750862912453
342,11.8072014,44.6311798,-3.762,-0.7470955863011804,0.00012502963483137998,-3.015029443333651,-3.415796268468773
343,11.8970575,44.6677589,-3.72,-0.7470955863011804,0.00012502963483137998,-2.9730294433336506,-3.373796268468773
344,12.5105143,45.3560753,-3.465,-0.7379637121336121,0.00012875444380162636,-2.727165042310189,-3.123030409195237
345,12.5139303,45.3555412,-3.461,-0.7379637121336121,0.00012875444380162636,-2.723165042310189,-3.1190304091952368
346,12.6134205,45.3752403,-3.619,-0.7379637121336121,0.00012875444380162636,-2.8811650423101893,-3.277030409195237
347,12.7201729,45.3835945,-3.667,-0.7379637121336121,0.00012875444380162636,-2.9291650423101894,-3.3250304091952367
348,12.8139772,43.6766434,-3.056,-0.690210038422554,0.0001265972387389844,-2.365916558816185,-2.736162142572293
349,12.8233881,45.3696823,-3.692,-0.7294536527832853,0.0001295826283830317,-2.9626759298450978,-3.35397501048766
350,12.9029179,43.642025,-3.287,-0.690210038422554,0.0001265972387389844,-2.596916558816185,-2.9671621425722927
351,12.9161491,43.6946564,-3.15,-0.690210038422554,0.0001265972387389844,-2.459916558816185,-2.8301621425722927
352,12.9257498,45.3532448,-3.632,-0.7294536527832853,0.0001295826283830317,-2.902675929845098,-3.2939750104876597
353,13.0017662,43.6280632,-3.257,-0.6815659887410294,0.000127413601923043,-2.5755614248608936,-2.9411688398330558
354,13.0232973,45.3223076,-3.573,-0.7209785633811618,0.00013040796153534015,-2.8521518445803737,-3.2389034026890724
355,13.0277205,43.6985092,-3.337,-0.6815659887410294,0.000127413601923043,-2.6555614248608936,-3.021168839833056
356,13.0739965,44.0578766,-3.441,-0.6927396738827765,0.0001283051067161587,-2.7483886312239396,-3.119990506076496
357,13.0904255,44.1301804,-3.437,-0.6927396738827765,0.0001283051067161587,-2.7443886312239396,-3.115990506076496
358,13.0964556,44.4072189,-3.274,-0.6983530406020063,0.00012874013277802042,-2.5757756995307717,-2.9503890408920084
359,13.1179562,43.6359749,-3.206,-0.6815659887410294,0.000127413601923043,-2.5245614248608934,-2.8901688398330556
360,13.1225061,43.7250023,-3.338,-0.6815659887410294,0.000127413601923043,-2.6565614248608935,-3.0221688398330557
361,13.1228456,44.4881172,-3.279,-0.6983530406020063,0.00012874013277802042,-2.580775699530772,-2.9553890408920083
362,13.1254549,45.3056221,-3.652,-0.7209785633811618,0.00013040796153534015,-2.9311518445803735,-3.3179034026890726
363,13.1530914,44.0121193,-3.427,-0.6927396738827765,0.0001283051067161587,-2.73438863122394,-3.105990506076496
364,13.169198,44.3399315,-3.263,-0.6983530406020063,0.00012874013277802042,-2.564775699530772,-2.9393890408920083
365,13.1809721,44.1725922,-3.352,-0.6927396738827765,0.0001283051067161587,-2.6593886312239396,-3.030990506076496
366,13.1831503,44.4253693,-3.324,-0.6983530406020063,0.00012874013277802042,-2.625775699530772,-3.000389040892008
367,13.206193,44.2710609,-3.077,-0.6983530406020063,0.00012874013277802042,-2.3787756995307716,-2.7533890408920083
368,13.2098913,43.7601547,-3.393,-0.6871439234828759,0.00012786291853971889,-2.705983939435664,-3.0745838031812855
369,13.2126551,43.6623497,-3.258,-0.6815659887410294,0.000127413601923043,-2.5765614248608935,-2.9421688398330557
370,13.2215567,43.9555626,-3.033,-0.6871439234828759,0.00012786291853971889,-2.345983939435664,-2.7145838031812857
371,13.2299271,45.29599,-3.661,-0.7209785633811618,0.00013040796153534015,-2.9401518445803734,-3.3269034026890725
372,13.2489414,44.3691788,-3.314,-0.6983530406020063,0.00012874013277802042,-2.6157756995307717,-2.9903890408920084
373,13.2548351,43.8874245,-3.095,-0.6785614969401274,0.00012867786649194143,-2.416567180926365,-2.780561938873777
374,13.2733355,43.8168106,-3.434,-0.6785614969401274,0.00012867786649194143,-2.755567180926365,-3.119561938873777
375,13.3168573,43.6645432,-3.169,-0.6729613484523683,0.00012822704282805002,-2.49616687859046,-2.8571572703891293
376,13.3327379,45.2814445,-3.648,-0.7125390007352919,0.00013123043488641266,-2.9355922296995947,-3.317815327727826
377,13.3515081,44.3292618,-3.348,-0.6898164046437361,0.00012955787853651294,-2.6583131532348006,-3.0283459549948892
378,13.4263363,43.6407204,-3.415,-0.6729613484523683,0.00012822704282805002,-2.74216687859046,-3.1031572703891293
379,13.436285,45.2691574,-3.631,-0.7125390007352919,0.00013123043488641266,-2.9185922296995948,-3.300815327727826
380,13.4543839,44.3117256,-3.028,-0.6898164046437361,0.00012955787853651294,-2.3383131532348007,-2.7083459549948894
381,13.4744015,43.5774765,-3.358,-0.6729613484523683,0.00012822704282805002,-2.6851668785904597,-3.0461572703891293
382,13.4843264,43.5033875,-2.853,-0.6729613484523683,0.00012822704282805002,-2.1801668785904598,-2.5411572703891294
383,13.4960337,43.4140587,-3.039,-0.667379663760023,0.00012776905299626232,-2.371748105292973,-2.7297440410371654
384,13.5300398,42.9773064,-3.257,-0.6476454726735814,0.00012763724919001375,-2.6094821645756086,-2.9568903251857632
385,13.5368242,43.0508499,-3.344,-0.6532099689583304,0.0001281111966744493,-2.6909181422383446,-3.0413115283666743
386,13.5368242,43.0508499,-3.344,-0.6532099689583304,0.0001281111966744493,-2.6909181422383446,-3.0413115283666743
387,13.5393944,45.2871399,-3.631,-0.7041355061017518,0.00013205004017801528,-2.926996543938426,-3.304710534740308
388,13.5463076,43.3379707,-3.212,-0.6587937556652393,0.00012857797673536758,-2.5533348223114958,-2.9067237875571386
389,13.5561361,44.3118057,-3.166,-0.6813180458231571,0.0001303727200456562,-2.4848123268968885,-2.850285127175756
390,13.5568743,43.1219482,-3.065,-0.6532099689583304,0.0001281111966744493,-2.4119181422383447,-2.7623115283666744
391,13.5584307,42.9024162,-3.188,-0.6476454726735814,0.00012763724919001375,-2.5404821645756086,-2.8878903251857633
392,13.576993,43.1930809,-3.292,-0.6532099689583304,0.0001281111966744493,-2.6389181422383445,-2.9893115283666747
393,13.5842505,43.2665215,-3.257,-0.6587937556652393,0.00012857797673536758,-2.5983348223114957,-2.9517237875571385
394,13.6008911,44.3819275,-2.991,-0.6813180458231571,0.0001303727200456562,-2.309812326896888,-2.6752851271757563
395,13.6153393,42.8341217,-2.898,-0.6476454726735814,0.00012763724919001375,-2.2504821645756086,-2.5978903251857632
396,13.6250362,44.4531441,-3.003,-0.6813180458231571,0.0001303727200456562,-2.321812326896888,-2.6872851271757563
397,13.6262293,45.3305511,-3.648,-0.7041355061017518,0.00013205004017801528,-2.943996543938426,-3.3217105347403084
398,13.6596584,42.7602768,-3.335,-0.6476454726735814,0.00012763724919001375,-2.687482164575609,-3.0348903251857635
399,13.6792469,44.5191917,-3.043,-0.6869954324265863,0.00013080314079276625,-2.3561353707142065,-2.7246539881078995
400,13.7124214,45.3714981,-3.593,-0.7041355061017518,0.00013205004017801528,-2.888996543938426,-3.2667105347403083
401,13.7662992,44.5568848,-3.26,-0.6785583450668957,0.00013161637839117173,-2.5815732713114956,-2.945564761627686
402,13.7910843,45.4212875,-3.615,-0.6957686052341918,0.00013286676926541305,-2.9193642615350734,-3.2925887800479785
403,13.869319,44.5992737,-3.361,-0.6785583450668957,0.00013161637839117173,-2.6825732713114956,-3.046564761627686
404,13.872508,45.4680443,-3.654,-0.6957686052341918,0.00013286676926541305,-2.9583642615350736,-3.331588780047978
405,13.8821564,42.5262947,-2.289,-0.6334962731018671,0.00012795693354354355,-1.6556316838316767,-1.9954483030365715
406,13.8833809,42.5299454,-2.29,-0.6334962731018671,0.00012795693354354355,-1.6566316838316766,-1.9964483030365714
407,13.8972292,43.2152863,-3.285,-0.6446448601602118,0.00012891550786203079,-2.6404840553476503,-2.986281632751577
408,13.9048595,43.1905327,-3.321,-0.6446448601602118,0.00012891550786203079,-2.6764840553476503,-3.022281632751577
409,13.9330893,42.4588661,-2.639,-0.6279520331450976,0.0001274668792488805,-2.0111754337341514,-2.348017704046804
410,13.9402418,43.1218147,-3.312,-0.6446448601602118,0.00012891550786203079,-2.66748405534765,-3.0132816327515766
411,13.9500446,42.026371,-3.166,-0.6224280599040535,0.00012696969644141164,-2.543698909792388,-2.877577708594934
412,13.9567404,42.3731842,-2.568,-0.6279520331450976,0.0001274668792488805,-1.9401754337341512,-2.2770177040468043
413,13.9626551,45.5081749,-3.615,-0.7015415528414269,0.00013326852850302352,-2.913591715687076,-3.2899133373612806
414,13.9731932,42.0954971,-3.174,-0.6224280599040535,0.00012696969644141164,-2.551698909792388,-2.885577708594934
415,13.9742908,44.5958633,-3.401,-0.6785583450668957,0.00013161637839117173,-2.7225732713114956,-3.086564761627686
416,13.9751205,44.5982399,-3.346,-0.6785583450668957,0.00013161637839117173,-2.667573271311496,-3.031564761627686
417,13.9962864,42.3039627,-2.902,-0.6279520331450976,0.0001274668792488805,-2.2741754337341513,-2.6110177040468043
418,13.996417,42.1646538,-3.128,-0.6224280599040535,0.00012696969644141164,-2.505698909792388,-2.839577708594934
419,14.0197172,42.2338448,-2.963,-0.6138308302852752,0.00012776363600875028,-2.3492969333507334,-2.6785626954369555
420,14.0469999,43.137455,-3.395,-0.6361217975172775,0.00012971685823970333,-2.759007919340962,-3.1002322483350335
421,14.0750875,45.4783478,-3.604,-0.6874388084379993,0.0001336806141169574,-2.9166948721761177,-3.285449827132263
422,14.1111879,43.1997795,-3.174,-0.6361217975172775,0.00012971685823970333,-2.538007919340962,-2.8792322483350334
423,14.1200714,45.4120674,-3.792,-0.6874388084379993,0.0001336806141169574,-3.104694872176118,-3.4734498271322627
424,14.1316166,45.2629662,-3.857,-0.6874388084379993,0.0001336806141169574,-3.169694872176118,-3.538449827132263
425,14.1453781,45.3416481,-3.872,-0.6874388084379993,0.0001336806141169574,-3.184694872176118,-3.5534498271322628
426,14.1525784,45.1908379,-3.884,-0.6816605075351938,0.0001332702144716412,-3.202472762679278,-3.568127746944123
427,14.1692581,43.2593384,-2.862,-0.6417454447524292,0.00013018698015488113,-2.2203847422277256,-2.5646260346331826
428,14.2097969,45.1299858,-3.911,-0.6816605075351938,0.0001332702144716412,-3.2294727626792783,-3.595127746944123
429,14.252223,43.2206154,-3.292,-0.6276412539131766,0.00013051524072886546,-2.6644892613275526,-3.001163155943031
430,14.3215199,44.711174,-3.131,-0.6618009088803467,0.00013323411275918015,-2.4693323252324126,-2.824332198981908
431,14.3266754,45.2520752,-3.457,-0.6791466106290391,0.0001344915668136654,-2.7779878809377747,-3.142293446607333
432,14.3311882,45.3265762,-3.467,-0.6791466106290391,0.0001344915668136654,-2.7879878809377745,-3.152293446607333
433,14.3337498,43.1781578,-3.226,-0.6276412539131766,0.00013051524072886546,-2.5984892613275523,-2.935163155943031
434,14.3468561,44.7815933,-3.099,-0.6675635776549556,0.00013366089550848469,-2.431570083240553,-2.7896615318963534
435,14.3622332,45.3963547,-3.429,-0.6791466106290391,0.0001344915668136654,-2.7499878809377747,-3.114293446607333
436,14.3649492,45.4038048,-3.44,-0.6791466106290391,0.0001344915668136654,-2.760987880937775,-3.125293446607333
437,14.3775129,44.8510933,-3.268,-0.6675635776549556,0.00013366089550848469,-2.600570083240553,-2.958661531896353
438,14.4030342,44.9215698,-3.245,-0.6675635776549556,0.00013366089550848469,-2.577570083240553,-2.9356615318963533
439,14.4059706,44.6681671,-3.543,-0.6618009088803467,0.00013323411275918015,-2.8813323252324126,-3.2363321989819083
440,14.4144697,45.0,-3.285,-0.6733455469195018,0.00013408005750024924,-2.6117885331379984,-2.9729819159440565
441,14.4359217,43.2098045,-2.838,-0.6276412539131766,0.00013051524072886546,-2.2104892613275524,-2.547163155943031
442,14.4994993,43.2681808,-2.831,-0.6332840109621263,0.0001309870453625348,-2.1978469760832358,-2.5375480860604065
443,14.5077333,44.6731987,-3.513,-0.6534815218684545,0.0001340385943409475,-2.8596525167258866,-3.210188417030114
444,14.5192223,43.3387489,-2.889,-0.6248650090969518,0.00013178414344989776,-2.2642667750464978,-2.5994504698877328
445,14.5339642,43.4102974,-2.851,-0.6248650090969518,0.00013178414344989776,-2.226266775046498,-2.561450469887733
446,14.5588684,43.4799805,-2.882,-0.6248650090969518,0.00013178414344989776,-2.257266775046498,-2.592450469887733
447,14.5981932,44.7078629,-3.481,-0.6534815218684545,0.0001340385943409475,-2.8276525167258866,-3.178188417030114
448,14.6230335,43.538372,-2.861,-0.6305472372484897,0.00013225015030675046,-2.230585012901817,-2.5688171033666483
449,14.6326189,45.545929,-3.577,-0.6767351232331564,0.00013570449149641402,-2.9004005812583395,-3.263411677903857
450,14.6460276,45.5514297,-3.589,-0.6767351232331564,0.00013570449149641402,-2.9124005812583396,-3.275411677903857
451,14.6849613,44.7471046,-3.489,-0.6534815218684545,0.0001340385943409475,-2.8356525167258866,-3.186188417030114
452,14.7218056,43.527462,-2.916,-0.6305472372484897,0.00013225015030675046,-2.285585012901817,-2.623817103366648
453,14.7598667,45.5822372,-3.567,-0.6685416889026179,0.00013651069218919995,-2.8985948217895716,-3.257209520568015
454,14.7757359,44.7815895,-3.523,-0.6510070179946035,0.00013526945785321626,-2.87212825146325,-3.2213358633339975
455,14.8034515,43.484417,-3.239,-0.6164888809988033,0.00013257826747428497,-2.622643697268671,-2.9533329813283524
456,14.8553877,43.4195595,-3.24,-0.6164888809988033,0.00013257826747428497,-2.623643697268671,-2.9543329813283528
457,14.8703041,45.6334763,-3.562,-0.6685416889026179,0.00013651069218919995,-2.8935948217895717,-3.2522095205680146
458,14.8899632,44.803669,-3.461,-0.6510070179946035,0.00013526945785321626,-2.81012825146325,-3.159335863333997
459,14.9026175,43.1363449,-2.781,-0.6108095288928068,0.0001321030743179076,-2.170322574181511,-2.497965010610612
460,14.9085026,43.3583565,-3.092,-0.6164888809988033,0.00013257826747428497,-2.475643697268671,-2.8063329813283526
461,14.917944,43.2077103,-3.011,-0.6108095288928068,0.0001321030743179076,-2.400322574181511,-2.7279650106106126
462,14.938345,43.278141,-2.794,-0.6164888809988033,0.00013257826747428497,-2.177643697268671,-2.5083329813283526
463,14.955451,45.6773987,-3.534,-0.6685416889026179,0.00013651069218919995,-2.8655948217895717,-3.2242095205680146
464,14.9819918,44.7664413,-3.669,-0.6510070179946035,0.00013526945785321626,-3.0181282514632497,-3.3673358633339974
465,15.0215874,44.6203346,-3.168,-0.6369636951484627,0.00013563874918466268,-2.531171943600722,-2.872844792741024
466,15.0221004,44.695446,-3.406,-0.6369636951484627,0.00013563874918466268,-2.769171943600722,-3.110844792741024
467,15.0702963,45.7236824,-3.517,-0.6603867073383626,0.0001373139865169248,-2.8567506066481543,-3.2109895399093507
468,15.1758223,45.7157402,-3.544,-0.6603867073383626,0.0001373139865169248,-2.883750606648154,-3.237989539909351
469,15.258564,45.6640968,-3.536,-0.6522706151421951,0.00013811436691771398,-2.8838674992247224,-3.233751533569432
470,15.3007832,45.3928032,-3.434,-0.6463631726164266,0.00013770630159177214,-2.7877745336851647,-3.134489308645354
471,15.3113403,45.3907738,-3.463,-0.6463631726164266,0.00013770630159177214,-2.816774533685165,-3.163489308645354
472,15.4281387,45.4280281,-3.851,-0.6463631726164266,0.00013770630159177214,-3.204774533685165,-3.551489308645354
473,15.5249033,45.4571037,-3.811,-0.6382658595248643,0.0001385026786426995,-3.172872643153779,-3.5152425967654297
474,15.6304846,45.4364548,-3.542,-0.6382658595248643,0.0001385026786426995,-2.903872643153779,-3.2462425967654296
475,15.7329874,45.4082718,-3.501,-0.6382658595248643,0.0001385026786426995,-2.862872643153779,-3.2052425967654297
476,15.8173618,45.363575,-3.552,-0.6302087955878376,0.0001392961183665776,-2.9219305005305287,-3.2599772289635545
477,16.2897263,45.4321098,-3.537,-0.6142169572433441,0.00014087415737182904,-2.9229239169140278,-3.2523898108685376
478,16.3101139,45.4399452,-3.487,-0.6142169572433441,0.00014087415737182904,-2.872923916914028,-3.202389810868538
479,16.3837032,45.4929314,-3.482,-0.6142169572433441,0.00014087415737182904,-2.8679239169140276,-3.197389810868538
480,16.4867783,45.4796371,-3.518,-0.6142169572433441,0.00014087415737182904,-2.9039239169140276,-3.2333898108685375
481,16.6271076,45.4463615,-3.503,-0.6062829170628009,0.00014165874269474448,-2.896858741679894,-3.222067420271576
482,16.8238869,45.424942,-3.785,-0.5983905946895552,0.00014244036277273495,-3.186751845673218,-3.507725693052833
483,16.8491402,45.4436798,-3.801,-0.5983905946895552,0.00014244036277273495,-3.202751845673218,-3.523725693052833
484,16.952631,45.4577866,-3.714,-0.5983905946895552,0.00014244036277273495,-3.1157518456732176,-3.436725693052833
485,17.0622692,45.4463234,-3.533,-0.5905403208855146,0.00014321901089662278,-2.942602898125382,-3.2593644759086353
486,17.1674595,45.4638367,-3.433,-0.5905403208855146,0.00014321901089662278,-2.842602898125382,-3.1593644759086352
487,18.3787403,45.993885,-3.63,-0.5641955063116161,0.00014790178932848016,-3.065952395477712,-3.3685768639685616
488,18.3840141,45.9926682,-3.64,-0.5641955063116161,0.00014790178932848016,-3.0759523954777124,-3.3785768639685623
489,18.4823666,45.9658165,-3.527,-0.5641955063116161,0.00014790178932848016,-2.9629523954777124,-3.265576863968562
490,18.5823536,45.9425163,-3.53,-0.5566329518762086,0.00014866475944650494,-2.973515712883238,-3.272082288225488
491,18.6982231,45.9519882,-3.541,-0.5566329518762086,0.00014866475944650494,-2.984515712883238,-3.283082288225488
492,18.8002853,45.9808884,-3.555,-0.5491134028538095,0.0001494247287270515,-3.0060360218749174,-3.3005677790684036
493,18.9063835,46.0413895,-3.538,-0.555315154621897,0.00014983068426524383,-2.9828346760623687,-3.2806935974267573
494,18.9988174,46.1092033,-3.516,-0.555315154621897,0.00014983068426524383,-2.9608346760623685,-3.2586935974267575
495,19.0895405,46.1610756,-3.52,-0.547853200570338,0.00015058870212061108,-2.9722973881317825,-3.266152393416394
496,20.5246849,46.5695038,-3.49,-0.5166651633685231,0.00015587186828345317,-2.97349070849976,-3.2506097824176945
497,20.5299644,46.5681458,-3.468,-0.5166651633685231,0.00015587186828345317,-2.9514907084997604,-3.2286097824176943
498,20.6388283,46.5690155,-3.478,-0.5166651633685231,0.00015587186828345317,-2.96149070849976,-3.2386097824176945
499,20.7389927,46.5430031,-3.471,-0.5166651633685231,0.00015587186828345317,-2.9544907084997605,-3.2316097824176944
500,20.8390274,46.5168762,-3.398,-0.5095316452919321,0.00015661073677142515,-2.8886249654448393,-3.161916346985797
501,21.223753,46.5895195,-3.547,-0.5024414314722624,0.00015734657479805303,-3.044715915102535,-3.3142028396188543
502,21.2257957,46.593132,-3.534,-0.5024414314722624,0.00015734657479805303,-3.0317159151025352,-3.301202839618854
503,21.3297291,46.5736313,-3.446,-0.4953946578507447,0.0001580793769024428,-2.950763421526158,-3.2164691973086903
504,22.5648575,47.264061,-3.676,-0.480322779305203,0.00016284384154748637,-3.1958400645363443,-3.4534568757687163
505,22.5820656,47.2718582,-3.649,-0.480322779305203,0.00016284384154748637,-3.1688400645363446,-3.426456875768716
506,22.6673298,47.3194885,-3.675,-0.480322779305203,0.00016284384154748637,-3.1948400645363444,-3.452456875768716
507,22.764267,47.3553429,-3.63,-0.47356751015313875,0.0001635609948697006,-3.1565960508417312,-3.4105881205657496
508,22.876133,47.3445892,-3.651,-0.47356751015313875,0.0001635609948697006,-3.177596050841731,-3.4315881205657495
509,22.9655075,47.297821,-3.63,-0.47356751015313875,0.0001635609948697006,-3.1565960508417312,-3.4105881205657496
510,23.0178471,47.2319908,-3.625,-0.46030065502058753,0.00016390156425817346,-3.164863246543671,-3.4117371616731598
511,23.7285194,46.679451,-3.213,-0.4339454288924358,0.0001645371251169769,-2.7792191082326814,-3.011952499457259
512,23.7330704,46.6865501,-3.298,-0.4339454288924358,0.0001645371251169769,-2.8642191082326813,-3.096952499457259
513,23.8368626,46.7230072,-3.003,-0.42733810894761964,0.00016523928837951847,-2.5758271303407594,-2.8050151662403624
